:020000040000FA
:10000000C8170020512F0000592F00005B2F00005F
:1000100000000000000000000000000000000000E0
:100020000000000000000000000000005D2F000044
:1000300000000000000000005F2F0000612F0000A2
:10004000632F0000D1170000F11700001118000005
:1000500027280000632F0000632F0000CF2100003D
:10006000D3210000D7210000DB210000632F000016
:1000700035010000632F0000632F0000632F000094
:1000800063120000632F0000031C0000632F0000B8
:100090005B2700005F270000DD0B0000632F0000DE
:1000A000632F0000632F000000F002F800F030F82A
:1000B0000CA030C8083824182D18A246671EAB467D
:1000C00054465D46AC4201D100F022F87E460F3E18
:1000D0000FCCB6460126334200D0FB1AA246AB46EF
:1000E00033431847B45D0000D45D000000230024B2
:1000F00000250026103A01D378C1FBD8520700D35F
:1001000030C100D50B6070471FB51FBD10B510BDC5
:1001100005F01FFD1146FFF7F7FF02F0FBFE05F0AB
:1001200037FD03B4FFF7F2FF03BC05F03DFD00000F
:1001300080687047704701208007C26A81128A4335
:10014000C262426B8A434263C26A0A43C262426B22
:100150000A434263884887490160002141600122C7
:1001600052028260C160854A02614261844A8261B2
:10017000C16101220262834A4262816270477E4904
:10018000012805D0022807D003280AD00020704794
:10019000086B0004000D70477B4800680004000DE8
:1001A0007047C86B0004000D704710B50120800730
:1001B000826A0F2109020A438262026B0A430263C8
:1001C000724A15201063512010630121212040063E
:1001D00041606F4901606F4981606F49C16070483B
:1001E0006E4901606F4981606F49C16070496F4B12
:1001F0004B60704B0B60704B8B60704BCB6011236E
:100200006F499B020B6070238B603023CB60002111
:10021000116301230322062101F068F801206949D6
:100220000003086010BD01208007C26A81118A4363
:10023000C262426B8A434263C26A0A43C262426B31
:100240000A43426360490120086070477047604973
:100250005E4848628007826A40218A438262026B5C
:100260008A430263826A0A438262026B0A43026320
:100270005848012101600021416081600321090289
:10028000C1607047534900208860704751488068BA
:100290007047704770474E4908694F4A10404F4AAF
:1002A000104308614F484E49016350494E4A8A60E5
:1002B0000022D2430A60002101637047494848493F
:1002C00001634A498A6810231A438A600021016346
:1002D0007047444946480863704710B401229207AA
:1002E000D36A5B085B00D362536B5B085B005363AC
:1002F000D46A01231C43D462546B1C435463002210
:1003000002610A7C3B4BD207920ED2180B7BDB07B3
:10031000DB0E1A430B79DB071B0F1A430B7ADB0743
:100320005B0F1A430B789B079B0F1A4342600A69C5
:10033000012A05D00221C1602F49416110BC7047DC
:10034000898A89B2F7E7012900D00021016170474D
:1003500010B44468A40606D51B04120213430B43D1
:10036000436110BC70472449416110BC7047016073
:1003700070477047E10400000020004202020202C0
:1003800012110002FFFF0F0040200042C00F004288
:1003900000077777F0FF0F004B5505000000103085
:1003A00000010042FF070000FFF700000311770083
:1003B000000200421100003000C001300000013096
:1003C0000003004200E100E000B30040010400002F
:1003D0008000004000060040FFFF00F8000001041C
:1003E0005AA50000C0020040488000000002004002
:1003F0005A5500000002180001010100F8B502F092
:1004000093FE434D2888002804D06878400701D423
:10041000012700E0002704F08FFB3E4C01262078E6
:1004200000280ED0012825D0022809D13A49002001
:10043000088002F063FE04F059FA2888002817D0DB
:10044000F8BD7520400204F034FC344980B20860E5
:100450000F20000304F02DFCA06003F0B3FC03F0B8
:1004600019FE7D202E49C00002F0C1FD0028E7D012
:100470002670F8BD02F0F7FD04F019F9002FF8D04E
:1004800002202070F8BD254F214D224C02F04CFE79
:100490002888002804D06878400701D4012600E0AD
:1004A000002604F049FB2078002810D0012826D02F
:1004B0000228EBD118490020088002F01FFE04F04A
:1004C00015FA28880028E1D101202070DEE7752088
:1004D000400204F0EEFB80B238600F20000304F00D
:1004E000E8FBA06003F06EFC03F0D4FD7D200C4916
:1004F000C00002F07CFD0028C8D0012006E002F018
:10050000B2FD04F0D4F8002EC0D002202070BDE768
:100510002C010020000000202201002050010020BA
:100520000400002072B61B481B4908631B490020C9
:1005300088601B4857210163752101631948152103
:10054000016351210163194917480860C0104860D0
:10055000174A88605068174B9843086150604120E3
:10056000000601689215914301600168120211436F
:100570000160016809090901891C016062B67047C0
:10058000002805D00949C968414300BF491EFCD174
:10059000704700005AA50000C00200400002004061
:1005A000C0000040C00F00420048E8010C000020DD
:1005B000400000400000070FFF4B10B40002C318BA
:1005C0001F24C800042906D219698440A14382402F
:1005D0000A431A6106E0596920388440A1438240E9
:1005E0000A435A6110BC00207047F0B50C4606461D
:1005F000F2494001451801216B6089072A60CA6AE7
:1006000033461433012098408243CA624A6B8243C6
:100610004A63CA6A0243CA624A6B02434A63E649B2
:100620003002471820782872207B6876287AE449BF
:10063000002845D0012843D0012149040228207B0D
:1006400048D0401E4007400D4518207CC007400E92
:100650000543A02005433D602089002182B2304639
:10066000FFF7AAFF2089012182B23046FFF7A4FFDD
:100670002089022182B23046FFF79EFF20890321A4
:1006800082B23046FFF798FF2089042182B23046BB
:10069000FFF792FF2089052182B23046FFF78CFFD9
:1006A0002089062182B23046FFF786FF2089072184
:1006B00082B23046FFF780FF207D002814D017E07B
:1006C000207B401E4007400D4518207CC007400E8F
:1006D0000543C0E7401E4007400D4518207CC00779
:1006E000400E05439020B5E7207E4006400C0543B0
:1006F000BD600020786080203862163671B2C8066E
:10070000C00E01238340AF4803608807C00EFF225C
:10071000247F824000290EDA0907090F08398D0865
:10072000A949AD006918CD699543A207120E824010
:100730001543CD610AE08D08A449AD0069180D6824
:100740009543A207120E824015430D60A048036036
:100750000020F0BD30B401229207D46A0546012181
:1007600014350B46AB409C43D462546B9C4354639A
:100770001630C006C00E81409648016030BC002093
:100780007047704708028C498860002070478A4A89
:1007900000028018016000207047874A000280181C
:1007A000C06A0004000D088000207047824B0002E0
:1007B000C01808292FD20B007B441B79DB189F44FB
:1007C00003080D12171C2126006B0003000C10807B
:1007D00021E0406B0003000C10801CE0806B0003E4
:1007E000000C108017E0C06B0003000C108012E0BA
:1007F000006C0003000C10800DE0406C0003000C46
:10080000108008E0806C0003000C108003E0C06CD6
:100810000003000C10800020704738B50C46674B71
:100820004101C9180A77CC76002A0CD06A49C01D4C
:10083000096800916946087002F0E4FA69462046AA
:1008400002F018FB02E0204602F032FB002038BD27
:1008500070B50C46594B4101CB18197E01291AD0AD
:1008600055490125000241181D76002A16D0DC608A
:10087000187F002822D008686A0410430860886A3C
:100880001022104388620D62D87EDA6801232C3171
:1008900002F013FB16E00220C04370BD0D62012080
:1008A00000034A6A401ED50701D04A6201E00028D1
:1008B000F7D1C86A20600020187603E0886A2843D0
:1008C00088620D62002070BD70B53C4C43011D195B
:1008D0002B7E012B1DD0384B01260002C4182E762A
:1008E000002A19D0E960287F002837D020687104D9
:1008F00008432060A06A10210843A06221466B7E55
:10090000E87E2C31EA6802F0D8FAA87E00282CD0C4
:100910002CE00220C04370BDA87E0023002803D035
:1009200007202B76C04370BD266201200003626A57
:10093000401E560701D5626201E00028F7D16A7EA9
:100940000020002A08D982001619366B8E50401CF0
:100950006A7EC0B28242F6D82B7607E0A06A0521F3
:100960000843A062A87E002800D12662002070BD46
:1009700070B5124C43011D192B7E012B30D00E4B4C
:1009800001260002C4182E76002A2CD0E960287FA8
:1009900000284AD02068710408432060A06A102112
:1009A0000843A06221466B7EE87E2C31EA6802F0A3
:1009B00084FAA87E002811E000200042580100209F
:1009C0008000020080E200E000ED00E000E400E0D2
:1009D00000E100E080E100E04C5E00002CD02CE063
:1009E0000220C04370BDA87E0023002803D007204A
:1009F0002B76C04370BD266201200003626A401E50
:100A0000560701D5626201E00028F7D16A7E002016
:100A1000002A08D982001619366B8E50401C6A7E57
:100A2000C0B28242F6D82B7607E0A06A05210843BF
:100A3000A062A87E002800D12662002070BD70B49C
:100A4000B64C43011B191C7E012C0FD0B44D012460
:100A5000000240191C76002A0CD0D960816A052258
:100A600011438162997E002927D027E070BC0220C3
:100A7000C04370479A7E0025002A04D01D7670BCC2
:100A80000720C0437047046201221203446A521EC9
:100A9000660701D5446201E0002AF7D15C7E00229E
:100AA000002C08D994002618366B0E51521C5C7E1F
:100AB000D2B29442F6D81D7600E0046270BC0020E9
:100AC000704797490002401880210162002070475A
:100AD0000420C0437047924B10B40002C3181F2477
:100AE000C800042906D299698440A14382400A4380
:100AF0009A6106E0D96920388440A14382400A43C4
:100B0000DA6110BC00207047854A000280188161BC
:100B100000207047824A00028018C161002070479F
:100B200030B47E4C43011C197D4B0002C018C368D1
:100B300089000F258D40AB438A401A43C26001688B
:100B4000012289088900114301600020A07630BC91
:100B5000704730B4714C42011419714A0002801878
:100B6000C26889000F258D40AA438B401343C360A0
:100B7000016802228908890011430160A27630BC15
:100B800000207047664A00028018406A0860002012
:100B90007047634A0002801841620020704710B419
:100BA0005F4C000200230019002906D0012906D05D
:100BB000022906D0032907D105E0012304E004231C
:100BC00002E0082300E01023816A002A01D01943C3
:100BD00000E09943816210BC00207047F8B50146DF
:100BE0004E4A400184184E4A08028018227A002595
:100BF0000826002A29D04A4F0902C91902232C319C
:100C0000022A3AD0012A5DD0416A032A41621BD1EF
:100C10000A0700D50425C9070ED0627E0021002AEC
:100C200009D98A001618366BE768491CBE50627EE7
:100C3000C9B28A42F5D81D43002D05D02268002A8A
:100C400002D0284661689047F8BD416A4162CB07EF
:100C50000022002B02D0237F002B07D0C8060AD524
:100C6000207F002807D008252276E5E7C06AE168E2
:100C700001250860F8E72276F8BD426A426256070D
:100C800002D5267F002E0ED0D006F5D5207F002875
:100C9000F2D0A07E0A250028D0D0637EE07EE268F4
:100CA00002F00BF9CAE7627E0021002AC3D98A004C
:100CB0001618366BE768491CBE50627EC9B28A427C
:100CC000F5D8B8E7426A4262170703D5876A3F073B
:100CD00000D50425570702D5277F002F0ED0D00658
:100CE000AAD5207F0028A7D0A07E35430028A3D016
:100CF000637EE07EE26802F0E0F89DE7627E00211C
:100D0000002A98D98A001618366BE768491CBE502D
:100D1000627EC9B28A42F5D88DE7000058010020F2
:100D200000200042FC498868FC4A1043886000208B
:100D30007047F0B40C246043F94C0619F64C0020BF
:100D40003060A004C76A8513AF43C762476BAF43E7
:100D50004763C76A2F43C762476B2F434763B3603C
:100D60007260A06A01221043A062A068EB4A10439F
:100D7000A060087903220007000B920780180A7808
:100D8000930318431123DB01C018012A02D04978CC
:100D9000490008432060F0BC002070470120800714
:100DA000C26A81138A43C262426B8A434263C2139E
:100DB000DC4802600160490001600020704770B4A7
:100DC0000A78D54C0020D30700D080209507402317
:100DD000002D01DA184300E098434B7820259E0649
:100DE000002E01DBD60601D5284300E0A843DE062D
:100DF0001025002E01DB160701D5284300E0A8438B
:100E00001E070825002E01DB560706D528431E07BE
:100E100001D4560702D5284301E0A843A8439E0702
:100E20000225002E01DB560601D5284300E0A84329
:100E3000DD070123002D01D1920601D5184301E001
:100E400040084000606301246404B74AB54B0028A1
:100E500001D0146000E01C6048784406B34801D516
:100E6000106000E018604878C109B14801D01060F6
:100E700000E0186070BC00207047137910785B07A1
:100E8000C0075B091843137AA3491B041843137B5B
:100E9000DB079B0D1843137CDB07DB0D1843137D29
:100EA000127EDB075B0FD2071843D20F1043086492
:100EB000002070470420C043704710781379C007A2
:100EC000DB07800DDB0D1843137A127BDB075B0F0A
:100ED000D20791491843D20F10438864002070470D
:100EE0000420C043704710781179C007C9078009F2
:100EF000C9090843117A884BC907890A0843117B3D
:100F0000C907C90A0843517C8907890B0843117D29
:100F10000A06120C10430843D8630020704710B42F
:100F20001079147AC007A4079289000BA40B204300
:100F300092B2794B1043062912D20A007A441279F0
:100F400092189744020406080A0C986508E0D865D0
:100F500006E0186604E0586602E0986600E0D8668D
:100F600010BC002070476C4B986A07210902884327
:100F70005107490D014399620020704730B4664C17
:100F80006068002901D003290BD1002A04D0012573
:100F9000ED04012B0AD003E001252D04012B05D01F
:100FA000A843012904D0032902D00DE02843F8E723
:100FB000002A04D001252D05012B0AD003E00125CC
:100FC0006D04012B05D0A843022904D0032902D0C7
:100FD0000DE02843F8E7002A04D001214905012B40
:100FE00009D003E001218904012B04D0884360600B
:100FF00030BC002070470843F9E730B4464C6068C5
:10100000002901D003290BD1002A04D00125ED02CB
:10101000012B0AD003E0FF250135012B05D0A843A1
:10102000012904D0032902D00DE02843F8E7002A63
:1010300004D001252D03012B0AD003E001256D0208
:10104000012B05D0A843022904D0032902D00DE0CA
:101050002843F8E7002A04D001214903012B09D0D5
:1010600003E001218902012B04D08843606030BC79
:10107000002070470843F9E730B4274C6068002926
:1010800001D0032905D1002A08D00825012B0DD055
:10109000A84301290CD003290AD013E0012B02D068
:1010A00040084000F5E701252843F2E72843F0E730
:1010B000002A03D01025012B09D002E00225012BC4
:1010C00005D0A843022904D0032902D00BE028430D
:1010D000F8E7002A03D02021012B08D002E00421E8
:1010E000012B04D08843606030BC00207047084367
:1010F000F9E730B4084CA068002901D0032905D1D4
:10110000002A17D00825012B1CD0A84301291BD089
:10111000032919D022E00000001000420004CA0098
:101120007801002080E100E000E100E000800000A4
:1011300000000100012B02D040084000E6E7012535
:101140002843E3E72843E1E7002A03D01025012BD9
:1011500009D002E00225012B05D0A843022904D0C2
:10116000032902D00BE02843F8E7002A03D020210E
:10117000012B08D002E00421012B04D08843A06099
:1011800030BC002070470843F9E73A48102A02D2E1
:101190000520C0437047C2600020704735480029D1
:1011A00001D0032902D1002A05D00361012904D00E
:1011B000032902D004E0C361F8E7002A05D04361A7
:1011C000022904D0032902D004E00362F8E7002AD0
:1011D00002D08361002070474362FBE72548C16A63
:1011E00001221143C162002070472248C16A4908A8
:1011F0004900C162002070471E48C16A8022114325
:10120000C162002070471B48C16A80229143C162BD
:10121000002070471748806B1080002070471548E9
:10122000006B0860002070471248406C0860002086
:1012300070471048C06C0860002070470D498868EE
:101240006522520410430722120290438860002056
:10125000704709484268002A02D081680020104780
:10126000704705484268002A02D081680120104773
:1012700070470000001000427801002010B40723DE
:10128000072909D908398C004168A3409943A24035
:101290000A43426010BC7047046889008B409C433D
:1012A0008A402243026010BC704710B48368490032
:1012B00003248C40A3438A401A43826010BC7047C9
:1012C00010B4C368490003248C40A3438A401A43E6
:1012D000C26010BC704710B4036901248C40A34362
:1012E000012A00D12343036110BC704770B4046A23
:1012F000490003258D401646AC438E4026430662C6
:10130000002A0CD0012A03D0022A01D0032A04D1DA
:10131000826A8B40AA431343836270BC7047816A20
:10132000A943816270BC7047406A70474162704750
:1013300081637047C1637047406B80B2704701633F
:1013400070470000F8B504460078F74B02250121EC
:10135000042853D0F54A5068A778460760783F02C2
:10136000074378BA9F7E00043F033843DF7E760F41
:101370003F0238433043506020780B263602002865
:1013800006D0012810D002281CD0032836D126E030
:1013900010682027384310600220401CB042FCD364
:1013A0005068C008C00028E01068802630431060F4
:1013B000DF4E0220401CB042FCD35068C008C00081
:1013C00008431AE010680827384310600220401CC8
:1013D000B042FCD35068C008C00028430DE010683C
:1013E00028431060372676020220401CB042FCD30E
:1013F00050680626C008C0003043506020785876F8
:10140000CC486668066060780F468140304604F03C
:101410008CF90090A07839468140009804F085F955
:10142000C54908606421304604F0F0FBC34A00233C
:1014300004F0DAF8C24941220860120600981168E7
:10144000C04B09090901984205D95B00984201D8AF
:10145000394300E029431068084310600020F8BDBC
:10146000B24A516803231B02994300280ED0012879
:1014700004D0022805D0032808D106E0FF2001305F
:1014800001E001204002014300E0194351600020C7
:101490007047F0B4012541792D0303273F022E0345
:1014A0000224A24B0129196864D0082291431143F8
:1014B00019600B2212020221491C9142FCD3596887
:1014C000C908C9002143A943596059680122B94399
:1014D00052021143596001218905196200BF00BF02
:1014E00000BF00BF00BF027845781207120F2D021F
:1014F0002A4385782D072D0E2A43C5786D076D0B7D
:101500002A430579ED07ED0A2A435118372252057F
:1015100011431A6A0A431A624279012A3ED07D2198
:101520004901491E0029FCDC196A0029FCDA7E49C0
:1015300001250D768A768079C87658680F210906CC
:1015400088430722304312049043586058680725A7
:10155000C008C000284358605868884390435860CA
:101560004121090608680009000120430860F0BC19
:1015700000207047A1432143196037225202022103
:10158000491C9142FCD359680622C908C90011437D
:10159000B143294359605968B9439BE77D21C9008C
:1015A000BFE76149497E814201D1002070475F4A0F
:1015B0001168002806D0012806D0022806D003288A
:1015C00008D105E0202004E0802002E0082000E0AF
:1015D000022001431160002070475349497E814237
:1015E00002D10520C0437047504A1168052819D21E
:1015F00003007B441B79DB189F44020406080B00A0
:10160000202004E0802002E0082000E00220814346
:1016100008E0106A0123DB0598431062106A5B1032
:1016200098431062116000207047F0B49B073F4E52
:101630003D4C454D1B0E454F002804D0012816D0C7
:10164000022839D127E039488068C0263043374E18
:10165000B060626021603E49022008602968FF2274
:10166000120291431A0211432960386024E02F4886
:1016700080680326B60230432C4EB060E260A16061
:1016800033490820086029680902090A1A0611432B
:101690002960386010E062612161B0680C21084364
:1016A000B0602B49042008602968FF22120491438E
:1016B0001A04114329603860F0BC0020704710B450
:1016C00002231A49234A002804D0012808D00228FE
:1016D00013D10CE08868C024A043886013600CE03C
:1016E000886803239B0298438860082004E0886888
:1016F0000C23984388600420106010BC00207047C1
:1017000006282AD203007B441B79DB189F4402047D
:1017100006080A24002220E001221EE004221CE028
:1017200005221AE0062218E0840100204000004053
:1017300000F82A00100000201400002040420F0092
:1017400018000020C0FC9B0100E400E000E100E084
:1017500080E200E080E100E0072250010907090F64
:10176000084310210843324908610020704730487F
:10177000016910229143016100207047012189070E
:101780000A6902430A6100207047012189070A693A
:1017900082430A6100207047012189078A69024358
:1017A0008A6100207047012189078A6982438A6122
:1017B0000020704701229207D169D16101600020A9
:1017C0007047012292075169D16101600020704782
:1017D0001848006BC2051648202182680A438260BF
:1017E00015480268002A02D041680120104770475E
:1017F0001048006BC2050E48022182680A438260CD
:101800000D480269002A02D0416904201047704740
:101810000848006BC2050648826841150A43826089
:1018200005488268002A02D0C1680220104770472C
:1018300040000040C00000408401002010B401219D
:1018400089074C6A01231A46824094434C62CC6A51
:101850009443CC624C6B94434C631230C006C00E70
:101860008340FE48036010BC00207047F0B59C46E2
:1018700096462822FA4B4243D218FA4C03021F190B
:1018800000239360D360136153619361D36113624A
:10189000A6045362736A0124254685402B43736274
:1018A000F36A2B43F362736B2B437363634653609A
:1018B0007346136000227A603A610B78002B00D1E6
:1018C00020228B79002B09D0012B04D0022B04D0CD
:1018D000032B03D101E0224300E01A434B79002B94
:1018E0000DD0012B09D0022B02D0032B07D102E02F
:1018F00004231A4303E00C2300E008231A430B7966
:10190000002B01D110231A43CB79002B03D0012BDC
:1019100001D15B031A4301235B021A437A604A88B0
:10192000FA603C61123040B2C3060022DB0E9C40DC
:10193000CD4B1C600D7A8107C90EFF238B40002818
:101940000EDA0007000F08388608C848B6003618B7
:10195000F0699843AB071B0E8B401843F0610AE017
:101960008608C348B600301806689E43AB071B0EB6
:101970008B401E430660BF4804601046F0BD10B4A3
:10198000B84C0002120200190A4319040A434261CA
:1019900010BC00207047B34A00028018921400293E
:1019A00002D0012906D102E04168914301E041687B
:1019B0001143416000207047F8B59C462823A84C8D
:1019C00043431C19A74B0002C518207A079F069EA7
:1019D000830701D4C00702D00220C043F8BD686865
:1019E0000323DB0418436860002A03D0207A012314
:1019F00018432072002E03D0207A0223184320724D
:101A0000A661002062612062E0616046FF22E16021
:101A10002061002F61D0264620363079002879D009
:101A20006868032149040843686070792A4663693D
:101A3000E16801F042FAF0792946A369226901F0D0
:101A40003CFA90E0E169606988421DD9A9680220EA
:101A50000142FBD0E168481CE06009786B689B0795
:101A60000DD0431CE3600078000201436868C04366
:101A7000800704D1581CE0601878000401432960F5
:101A8000E069401CE06107E06868800604D5A96849
:101A900002200142FBD02A60216AA06988421CD939
:101AA000A868C007C00FFBD0286821694B1C2361C0
:101AB0000870696889070DD02369060A591C2161DD
:101AC0001E706968C943890704D1010C2069431C51
:101AD00023610170206A401C2062216AA06988424B
:101AE000B0D8E16960698842ACD8207AFD2108400D
:101AF000410849002172AA681020024203D1AA6855
:101B0000082002422FD04808400020720820C0431D
:101B1000F8BDFFE7E369606998421BD90846491C94
:101B2000E16000786A6892070FD00A46491CE160BC
:101B3000127813026A681843D243920705D10A4605
:101B4000491CE160117809040843E169491CE1611D
:101B5000286003E06868800600D52A606868032171
:101B60008903084368600020F8BD38B50C46282179
:101B70003B4B4143C9183B4D203103025B190A71AD
:101B80004C71002A16D0002140006A46801D009149
:101B9000107058688007800F02D0022804D101E03D
:101BA000517001E00120507001F02CF96946204687
:101BB00001F060F9002038BD38B50C462821284BCB
:101BC0004143C918274D203103025B198A71CC713A
:101BD000002A14D028494000096800916946401D38
:101BE000087058688007800F02D0022801D10120B8
:101BF000487001F007F96946204601F03BF90020E2
:101C000038BDF0B482B0002100912821144A41432C
:101C10008A181449000240184168890606D4816870
:101C20004023194202D08168994381600121836871
:101C300049020B4224D0846804231C4220D08368CC
:101C40008B438360107A4008400010721368002BA9
:101C500002D09069002823D002B00FE080E100E0BC
:101C6000A00100200090004080E200E000ED00E0D4
:101C700000E400E000E100E0505E0000F0BC7047CE
:101C8000FF21836801310B40FD25002B0DD08368B7
:101C90008B438360107A284010721368002BDBD0CE
:101CA000516802B0F0BC01201847114620318B79F1
:101CB000002BD1D109790029CED1816802231940A6
:101CC00004261C4600295AD081680423194256D0A4
:101CD0009169002903D0116AD3698B424FD1D3692E
:101CE00051698B421ED1137ADF071BD05908490076
:101CF0001172836810210B4200D000948168082380
:101D0000194202D00099314300919169002936D1DE
:101D100041680123DB039943416000990123194382
:101D200000912CE0D3698B4222D2D16800291CD0CB
:101D30004B1CD360097801914168890711D0591C67
:101D4000D1601B78019F1B023B4301934368DB4337
:101D50009B0706D14B1CD3600978019B09041943EA
:101D60000191D169491CD16102E00021C94301916F
:101D7000117ACB0701D1890701D5019901608168EA
:101D8000C907C90F4AD081688023194246D001682B
:101D90000191116A9369994240D21769002F17D0B7
:101DA0007B1C019913613970416889070DD0019935
:101DB0000F0A591C11611F704368DB439B0704D154
:101DC000019B1B0C4F1C17610B70116A491C11629F
:101DD000116A9369994221D1117A8B071ED5294046
:101DE000490849001172416803239B0399434160EC
:101DF0001168002900D12FE781681023194202D011
:101E0000009921430091806808210842009801D080
:101E10003043009001210843009003E0106800283F
:101E2000E9D000980028E6D05168126802B0F0BCF2
:101E30001047000030B401229207946A0546012140
:101E400010350B46AB409C439462146B9C43146367
:101E5000C01DC006C00E8140E148016030BC0020BA
:101E60007047F0B50C24DF4D44436419DE4E850104
:101E7000AD19AC4600252560A360012362609B0775
:101E80009D6A064610360122B24095439D621D6B45
:101E900095431D639D6A15439D621D6B15431D632C
:101EA000C51D6DB2EF06AE46FF0E01250B78BD4095
:101EB00000262F46002B08D0012B04D0022B02D085
:101EC000032B0ED101E00126F6021E4323704B784E
:101ED000052B06D81D014B8801243543A402A342DB
:101EE0000BD90520C04341078B6A93438B620B6B70
:101EF00093430B63BA490F60F0BD0A79634612023F
:101F00002A431A604A88521E93059B0D62469360CD
:101F1000B64A00231760C01D4C798007C00EFF2110
:101F200072468140002A0EDA1207120F083A95080D
:101F3000AF4AAD00AD18EA698A43A107090E814096
:101F40000A43EA610AE09508AA4AAD00AD182A687A
:101F50008A43A107090E81400A432A60A648076008
:101F60001846F0BDA04A80018018806908700020E2
:101F700070479D4A80018018C16001610221C161E2
:101F800002688B021A430260416001214160002116
:101F9000416108467047F0B40C25924E4543AD1997
:101FA000914E8001049C8019E60703D0C66904277E
:101FB0003E43C661A7070226002F02DAC7693743EE
:101FC000C7616C70C260036180220029016807D07C
:101FD00091430160466001214160F0BC00207047E0
:101FE0001143F6E7804A80018018026889000A439D
:101FF0000260C16906221143C161022141600121D1
:10200000416000207047F0B4774C89010E190746F3
:1020100014370121B940520411431B04049D194394
:1020200029437162800100191A434262F0BC00200A
:1020300070478A016C49531800225A628001401887
:102040004262104670476849800140180021416093
:10205000C161416108467047634A80018018406948
:1020600008800020704760498001401800214161CC
:10207000084670475C4B8001C018012A03D00069F4
:10208000088000207047C068FAE770B4564E84019B
:10209000A4193615039DB24203D970BC0520C04374
:1020A000704704290BD1042809D254488669F60ADE
:1020B000F602866186691B022B431E4386612068F7
:1020C0007023984320602068090108432060521E55
:1020D0009005800DA06070BC00207047424B8001CD
:1020E000C018062921D20B007B441B79DB189F44C2
:1020F00002130C130C13C169002A02D001221143F0
:1021000001E049084900C16104E00421002A06D128
:1021100008E0C261002070470221002A02D0C26993
:102120000A43F6E7C2698A43F3E70520C0437047D4
:1021300082B0002100910C212A4A414389182A4A81
:102140008001801882696B461A711A7982614A6827
:10215000002A3AD0187940070CD50878012802D017
:10216000032805D006E04878C00703D0042000E02B
:1021700010200090187980071AD50878002806D01A
:10218000022804D0012807D003280DD010E00098C1
:102190000223184300900BE04878800708D5009888
:1021A00008231843009003E0009820231843009070
:1021B00068460079C007009802D0012318430090B8
:1021C000002802D0896802B0104702B07047002092
:1021D000AEE70120ACE70220AAE70320A8E7000051
:1021E00080E100E0C80100200030004080E200E013
:1021F00000ED00E000E400E000E100E080000040CD
:1022000030B401229207D46A0546012108350B46F5
:10221000AB409C43D462546B9C4354631430C0065F
:10222000C00E8140F748016030BC00207047F0B517
:102230000E4605462820F4496843401885B000271B
:102240008760C760076147618761C761076247624E
:10225000EE4C4360290202600C1901208007C26A1B
:102260002B460833012199408A43C262426B8A435C
:102270004263C26A0A43C262426B0A434263E54A4E
:10228000E34890626069C00704D0206800906069EC
:10229000C007FAD160698006FCD500206060E0606C
:1022A00020616069A0682A4600901432307952B2E9
:1022B0000392D206D20E01279740002805D00128AC
:1022C00003D0022801D0032817D17279052A14D22D
:1022D00013007B441B79DB189F440A0205081C008D
:1022E0000822104304E01822104301E02822104382
:1022F000B279002A13D0012A0FD00520C04343072A
:10230000DA6A8A43DA625A6B8A435A63BD490F60BC
:1023100005B0F0BD20221043E5E704210843E0604A
:10232000BD4800684108029130680101009102989F
:1023300003F0FBF90099019048430299081A000242
:10234000009903F0F2F90146019880B22062C8B208
:102350006062B24800220760A807C00EFF230399FD
:10236000F479834000290EDA0907090F08398D082E
:10237000AB49AD006D18E9699943A3071B0E834073
:102380001943E9610AE08D08A649AD0069180D6896
:102390009D43A3071B0E83401D430D60A2480760A9
:1023A000104605B0F0BD70B515462822964C424344
:1023B0001419964A00028218A068C60702D00220AB
:1023C000C04370BD012665613043E160A06000201C
:1023D000E061002B0ED020462030417900291FD02B
:1023E000516820231943516000796369E16800F066
:1023F00064FD23E0E1698D420DD9E069E1680918C7
:10240000401CE0610878106050698006FCD5E169E5
:1024100060698842F1D8A06840084000A0600DE0E3
:102420005069800606D5E069E1680918401CE06142
:10243000087810605068022108435060002070BD89
:10244000F8B50D46282141436F4C00020C196F4925
:10245000A6684118B00702D50220C043F8BD02208B
:102460000643A6602561A26100222262002B0ED0E5
:1024700020462030C279002A33D04A6810231A43FC
:102480004A608079A369226900F017FD2DE0236A74
:10249000A2699A4220D90825042600234A69D20756
:1024A000FCD04A692A401A434B69334013434A69B6
:1024B00002401A4305D0A16881430820C043A160AF
:1024C000F8BD0B68226A2769BF18521C22623B7054
:1024D000236AA2699A42E0D8A06840084000A06040
:1024E00003E048680122104348600020F8BD28211D
:1024F000454A41438918454A00028018C368402272
:102500001343C360C3689343C360886802224008D2
:102510004000904388600020704738B50C46034661
:102520002820394958434018203042710471002A4C
:102530000CD00020009058006946801C087000F004
:1025400061FC6946204600F095FC02E0807900F0CD
:10255000AFFC002038BD38B50C4628212A4B41433A
:10256000C9182031CA718C71002A0DD02F49400042
:10257000096800916946401C087000F043FC6946F8
:10258000204600F077FC02E0204600F091FC00209D
:1025900038BD1E4A000280184069400601D500205F
:1025A00000E00120087000207047184A00028018DF
:1025B00040694006400E087000207047134A000230
:1025C0008018016300207047104B0002C3180629D1
:1025D0002ED20800784400790018874402040608C7
:1025E0000A0C012008E0022006E0082004E0042094
:1025F00002E0102000E020205968002A1BD001438F
:102600001AE0000080E100E0F801002000800040B6
:1026100000000204800000401400002080E200E07E
:1026200000ED00E000E400E000E100E0545E0000A6
:102630000520C0437047814359600020704728211E
:10264000484B70B44143C9180022474B83B0000285
:10265000C0180092836801935B079D0F102320240C
:10266000032D30D0019A1207950F0222032D4BD073
:10267000019B5B0712D503680E6A0D69AB550B6AA7
:102680005B1C0B620D6A8B69AB4207D143685B0828
:102690005B0043608B6893438B600092019B0A252B
:1026A0009D430123002D36D0019CA40748D5CD6958
:1026B0004C69AC423AD0CA69CB689B18521CCA61BB
:1026C0001A7802603CE00425009545690195ED0605
:1026D00001D50C250095019D2D0702D5009D1D43B8
:1026E0000095019B5B0702D5009B23430093019B50
:1026F0009B0703D5009B40242343009303686C464B
:102700002371426020791BE08D6895438D60456898
:102710009D434560C1E78A68520852008A6042685A
:10272000A243426000981843009009E08C68640856
:1027300064008C604468944344600098184300909F
:102740000A68002A06D00098002803D0496803B020
:1027500070BC104703B070BC704700206FE70120C9
:102760006DE70000F8010020008000403249314848
:102770000863704730490020086370472F4B5A6048
:1027800019602F4B002199600A460178012900D178
:1027900008224178072919D811438278002A02D0EB
:1027A000012A02D012E0402200E080221143996009
:1027B000244A10211160244AC078136880071B0A3C
:1027C0001B02000E03431360204801600020704785
:1027D0001A490020086048608860194988601C49CF
:1027E000102008600020704715498A6810231A439A
:1027F0008A60124A906008600020704700211048EB
:10280000C9430160816810229143816000207047B4
:102810000A480B49806808600020704708494968E9
:1028200001600020704705490A68002A01D0496804
:10283000104770475AA50000C0020040480200201F
:102840000002004080E200E004E400E000E100E07B
:1028500080E100E0412212061168AA4B19400128CC
:1028600004D001200004014311607047A648FAE734
:1028700041221206116801231B069943012800D149
:10288000194311607047412109060A6800071209BF
:102890001201000F1043086070474121090601280A
:1028A00003D0002800D14860704798484860984895
:1028B00048609848F7E741210906012803D000281D
:1028C00000D1886070479448886094488860944834
:1028D000F7E741231B06DA688243012900D102434E
:1028E000DA60704741231B06DA69120A12020129D5
:1028F00000D10243DA61704741231B061A69824303
:10290000012900D102431A617047412109064A6931
:10291000800F800710434861704730B4412212068F
:102920005169FF23013399434024012804D07D4895
:102930000460516130BC70477B4819430368FF2530
:102940002D04AB430325AD052B4303607748EFE728
:10295000412000068069704741210906886170475F
:1029600041231B061A6B8243012900D102431A63DB
:10297000704741200006406B80B27047412000063E
:10298000006B6B4908407047C2014120000682631A
:10299000C901C1637047412000068169C90507D597
:1029A00000BF00BF00BF00BF00BFFF210131816138
:1029B0008169890507D500BF00BF00BF00BF00BF08
:1029C0000121490281618169C90307D500BF00BFA8
:1029D00000BF00BF00BF0121090481618169890333
:1029E00007D500BF00BF00BF00BF00BF01214904E1
:1029F00081618169490307D500BF00BF00BF00BFE7
:102A000000BF0121890481618169090307D500BFE5
:102A100000BF00BF00BF00BF0121C90481618169FF
:102A2000C90209D500BF00BF00BF00BF00BF816958
:102A30000122120511438161704700BF00BF00BF32
:102A400000BF412212069369DB07FCD1536983431F
:102A50000343536100230B609169C907FCD151699D
:102A60008143516197E741221206116801235B06F9
:102A70009943012800D119431160704770B400BF19
:102A800000BF00BF00BF00BF00BF00BF00BF4123A9
:102A90001B069C69E407FCD100BF00BF00BF00BF5C
:102AA0005C6901252C435C61002400290CD920CAF3
:102AB000A600855100BF00BF00BF00BF9D69ED07A4
:102AC000FCD1641C8C42F2D300BF00BF00BF00BF2A
:102AD000586940084000586170BC5CE7F0B4461883
:102AE0000024034600290AD91D781778521C5B1C64
:102AF000BD4201D0061902E0641C8C42F4D330467A
:102B0000F0BC7047FFFEFEFF000101006745230196
:102B100078563412896745239A785634AB896745CD
:102B2000BC9A785680E100E004E400E000E100E0B7
:102B30000301010070B45407DBB252071E04520DAA
:102B400064091A43A84D3443A84B082815D206003F
:102B50007E443679B619B744100310121B23323B5A
:102B60001869002902D0012903D005E0284020433C
:102B700002E0C00AC0021043186170BC7047986937
:102B8000022902D1C00AC0021043986170BC70478C
:102B9000D869032901D128402043D86170BC70470F
:102BA000186A052902D0042903D005E028402043F3
:102BB00002E0C00AC0021043186270BC7047586A35
:102BC000072902D1C00AC0021043586270BC704786
:102BD000986A082901D128402043986270BC704748
:102BE00083494A684007D208D200400F104348602A
:102BF0007047F0B482B09C4613460025079A069FA2
:102C00007B4C0095002A2FD0266A2212164326629A
:102C100000BF226A4907490B01431806000C520DF8
:102C2000014352056046164600070522000E520574
:102C300001433807000F1643014331430191206AD5
:102C40000843206201950198401C0190A028FAD306
:102C5000206A002810DB0098411C0091082808D940
:102C600002B0F0BC00207047256202B0F0BC012029
:102C70007047206A0028EEDA02B0F0BC01207047ED
:102C80005B4A516803231B0280079943800D084368
:102C900050607047564A51689314C0079943C00C5E
:102CA000084350607047524A516807231B0440078D
:102CB0009943400B0843506070474D4A51680F23B9
:102CC0001B06000799430009084350607047484BB2
:102CD00081B01A688243012900D102431A600020A2
:102CE0000090401C00906428FBD301B07047404B1B
:102CF0009A688243012900D102439A6070474007D5
:102D0000D207000ED20E09071043090F08433849B5
:102D10000861704710B582B00220FFF7B4FD802330
:102D200000223349852008618868984388600868D4
:102D3000022398431843086000920098401C0090BA
:102D40006428FAD348680F231B06984348604868F4
:102D500007231B0498434860486801231B039843DA
:102D60004860486803231B02984348600092086A41
:102D700001239B051843086200BF086A0523400D24
:102D800040055B05184301901A48019C0723204326
:102D90000190086A019C2043086201920198401C3E
:102DA0000190A028FAD3086A002807DB0098421C8B
:102DB0000092082802D8086A0028F7DA4868C00894
:102DC000C00003434B600D490B4808600C49086084
:102DD0000220FFF758FD0722022308211046FFF7C3
:102DE000A9FE02B010BD0000FFFF00F88000004007
:102DF000400000400013070000B4C404100000208D
:102E00001400002010B43F4B1978042902D0002987
:102E100004D012E0062010BCC04370470120800798
:102E2000846A102294438462046B94430463846A2A
:102E300014438462046B14430463491C197010BC6E
:102E4000002070472F480178002905D0491E090647
:102E5000090E017003D00BE00620C043704701202B
:102E60008007826A10218A438262026B8A4302636E
:102E700000207047244B1A5C002A02D00220C04375
:102E8000704730B4214C02011219002414600C78F0
:102E90004D782407AD078978240D2D0FC9072C43E1
:102EA000890F0C4314600121195430BC0020704775
:102EB000154A002111540846704730B4134C0001E4
:102EC00000190468124D2C40046004681B041C4364
:102ED000046003689B0702D48260C16001E08160E6
:102EE000C260416801221143416030BC002070473C
:102EF0000649000140184168490849004160002026
:102F00007047000022000020230000200004004041
:102F1000FFFF00F010B572B6FDF704FBFDF745F9B1
:102F2000FFF7F8FEFDF707F900F044F800F094FB16
:102F300000F070FDFDF777F9FDF7ADF900F09DFDAC
:102F400000F0C9FD62B6FDF79EFA002010BD00003A
:102F50000748804707480047FEE7FEE7FEE7FEE731
:102F6000FEE7FEE704480549054A064B70470000A6
:102F700025050000A9000000C8110020C817002086
:102F8000C8130020C813002010B4800710D52049B2
:102F900001220878002800D10A708B68C8685B1C81
:102FA000002460418B60C8601A4801881143018089
:102FB00010BC704700B583B0002168460170022143
:102FC000417014214180012101710F2141710023C1
:102FD000114A69461846FEF744FFF0210020FEF72B
:102FE000C8FF03B000BD0A498868C9687047084A2D
:102FF0000B689268002B00D10A600B68401ED21A41
:10300000824203D3002008600120704700207047EF
:10301000280000203E000020892F000070B5854860
:10302000854C05882580608802F090FD064628467C
:1030300002F08CFD314602F06FFC8049206102F005
:1030400045FE02F03FFD208170BD7D4801887A4831
:10305000022905D0012901D0032900D181807047C0
:1030600002218180704777490888C20745D070B532
:1030700040084000088001F0A9F800F013FA00F0C1
:1030800039FB00F0DBFF00F092FC00F00AFF01F0DA
:103090000EFB01F0DAFC01F042FE6948664C008844
:1030A000022804D0012802D0032802D003E0A08027
:1030B00001E00320A0805F4805882580608802F039
:1030C00045FD0646284602F041FD314602F024FC4B
:1030D0005A49206102F0FAFD02F0F4FC208100F070
:1030E00038FF01F012F901F0AFFC00F041FF02F0EF
:1030F0004DFA01F041FE608170BD7047514908886A
:10310000C20710D010B540084000088000F0CAF98E
:1031100000F0F0FA01F003FE01F0C9FA01F094FCAE
:1031200001F093FC10BD7047F0B5474C91B0678A31
:10313000A0880F90454800880E90E68AA08A0C90DF
:10314000E0890B904248A58900880A90A08B0990DD
:10315000394800890290374800880890608B0190B8
:1031600001F0C8F880B203903A48808A07903A4844
:10317000008880B206903948008880B205902E48B9
:10318000A48C8481364887810F9802F0DFFC354992
:1031900002F0C2FB02F096FC314908830A210E9826
:1031A00002F0C3FA2E4948822F480A21301802F053
:1031B000CAFA02F0C3FC204948612C49884201DA6E
:1031C0001D4841611C48406902F07CFC244E70851A
:1031D0000C9802F0BBFC234902F09EFB02F072FC4B
:1031E000B0840B98224FF080FD810A9802F0AEFC6B
:1031F0001C4902F06BFD02F065FCB88503987886E7
:103200001C480999C184029981850898F083019826
:1032100078800948808830800798B0870698308683
:103220000598F0861448008878831448048511B006
:10323000F0BD00007A000020380000200000C842E5
:10324000200100203E000020920E00207C00002083
:10325000EA000020DA060020B0000020A8000020CC
:103260005C050020000020413CF6FFFF00007A438F
:103270009C0500205C060020EC000020DC050020FE
:1032800010B50446800712D5FE490020C880488149
:1032900001231A46FC491846FFF7D2F8FB48FD49BE
:1032A0000279FB4883795A548179491C8171E0077E
:1032B00002D0F9490120088010BD10B5F149002065
:1032C0008880F648F64C01230288A11C1846FFF7B7
:1032D0006AF82088401C208010BD70B4EB49088932
:1032E000CA79498940BA49BA032A02D0042A14D0BB
:1032F00028E00B18834222DDE94DEA4C06224243C6
:1033000029181219897896888E421BD852888A42C9
:1033100018D3401C8342F1DC11E00C1884420EDD0E
:10332000E14AE24D062343435B199E8891B28E42E7
:1033300008D85B888B4205D3401C8442F2DC70BC09
:103340000120704770BC00207047F0B4CF4CD848C3
:10335000A1790170E3794370217A8170617AC1703B
:10336000408841BAD348C181A77AE57A227B667B3F
:103370003902140229433443042B10D0032B15D0F7
:10338000CD4E102B767818D0062B06D1C8498D80EB
:10339000CF808481BB4908200881F0BC704701823E
:1033A0000481B84908200881F0BC70470182C480BC
:1033B000B44908200881F0BC704701820021B14C5B
:1033C00002712170002A15D0BB4BBC49D20702D034
:1033D0004E80891C5B1C0279520809D05D784D80B3
:1033E0009D788D80521E091D9B1C1206120EF5D170
:1033F00001792170AA4922788918FF3101314A7B6D
:10340000897B12020A434281008A09302081F0BC84
:103410007047F0B49D48C3790189408949BA42BADE
:103420009446A04A102B02D0062B29D031E0084642
:10343000614523DA3D26B602994B441AE21864002E
:10344000FF32E3180132FF33527B01339B7B1202C0
:103450001A431F23DB028700DB5B05469CB2062371
:103460005D43904BEB189C80F55B9442ADB25D8060
:1034700001D295420DD8401C6045DDDBF0BC7047A1
:103480000623594389188A888242F7D249888142A3
:10349000F4D9F0BC002070477C488249C079098883
:1034A00000207047F8B5774C794F617800250029E6
:1034B00032D078480090861F012956D002296AD060
:1034C000032928D10020A080744E754D0123328835
:1034D000A91C1846FEF767FF2888401C28806E4804
:1034E0000088012817D1304675490088FFF77FFD15
:1034F000002810D00120A080674800260680674879
:103500000188A81C02F00DF92189009802F009F940
:10351000BE71E6806670F8BDBA796A49002A0FD09C
:10352000E088022802D2401CE0800BE0072A07D383
:1035300001206070A5704878FB221040487001E0BF
:10354000BD71E58060897D221201904202D2401C4B
:103550006081F8BD5C4840780028FAD00120A07056
:10356000487804221043487013E0A580BD71FFF72E
:10357000ECFE002802D002206070F8BD47480188A8
:10358000494802F0CEF82189009802F0CAF80120DB
:10359000A0806570F8BD00F0C5FA002831D0F2793E
:1035A0003089718940BA49BA032A02D0042A15D059
:1035B00037E009188C46814223DD3A4B384E06220B
:1035C00042433118D7188978BA888A4229D87A882C
:1035D0008A4226D3401C8445F1DC12E009188C464F
:1035E00081420EDD304A314B06264643F618B78835
:1035F00091B28F4215D876888E4212D3401C8445F2
:10360000F2DC26480188284802F08BF821890098CE
:1036100002F087F80120A08065701F480580E560F2
:10362000F8BD03206070F8E7704770B4054627487E
:10363000002300290EDD264CEA5C50400822C60714
:1036400002D04008604000E04008521EF7D15B1CE9
:103650008B42F1DB70BC704700B583B04B20000299
:10366000009003206946087100204871887101208C
:10367000C87102460146FEF7A7FF0122002110464D
:1036800028E00000500000205803002054030020D0
:10369000540500205A03002020000020760000205E
:1036A000540200209A060020560200205C050020EB
:1036B0006C0A00206C0E0020600300206E0A0020BF
:1036C0005C0000202C010020D0000020FFFF000043
:1036D00001A00000FEF778FF00230F4A6946012091
:1036E000FEF7A5FD01231A460C491846FEF7A8FE71
:1036F00003B000BD10B50A48818821204006012989
:1037000005D0002902D10121FDF712FE10BD0121D3
:10371000FDF710FE10BD00008132000058030020AC
:103720005000002010B5CE4982070FD50020C88078
:1037300001231A46CB49FEF783FECB48CB49837B56
:10374000027C5A54817B491C817310BDC007FCD098
:103750000120488010BD30B4C348C479027A837A0E
:10376000C57AA1185B19CB18417A5B18DBB2AA2C79
:103770001BD1447BFF2C18D1852A16D1027B9A429B
:1037800013D1122911D20A007A441279921897445F
:10379000080E141A20262C32383E4A4450565C0C2F
:1037A00062684089B24940BA088030BC704740899D
:1037B000AF4940BA488030BC70474089AC4940BAF4
:1037C000888030BC70474089A94940BAC88030BC65
:1037D00070474089A64940BA088130BC704740898B
:1037E000A34940BA488130BC70474089A04940BADB
:1037F000888130BC704740899D4940BA488230BCBE
:10380000704740899A4940BAC88230BC70474089A5
:10381000974940BA888230BC70474089944940BA81
:10382000C88130BC70474089914940BA088230BC99
:10383000704740898E4940BA088330BC7047408940
:103840008B4940BA488330BC70474089884940BAA8
:10385000888330BC70474089854940BA888430BC31
:1038600070474089824940BAC88430BC7047F0B480
:1038700000220646002820D000291ED0491E00291B
:1038800013DD701ECB0701D04278401C4578002420
:103890004B1008D087785219C578E419801CD2B231
:1038A000E4B25B1EF6D11019C2B2002902DB705CD3
:1038B0008018C2B2F0BC10467047F0BC00207047C0
:1038C000F8B500216A4611706748AA220270FF22EB
:1038D00082716A461170624949788170122941D219
:1038E0000800784400790018874408080808080888
:1038F00021080808180F0808082A33085A48052123
:1039000041700021C17001712FE05948C1890A0A34
:103910001238C27001710621417026E05448018AB4
:103920000A0A1238C2700171062141701DE0504828
:1039300081890A0A1238C27001710621417014E0AF
:103940004B48418C0A0A1238C2700171062141703D
:103950000BE04748818C0A0A1238C27001710621B7
:10396000417002E03E49FF2048703F4E002304278B
:10397000701E34781A46022185781B19C4785219B2
:10398000801CDBB2D2B2491EF6D1F15D981808183E
:1039900069460870087834490123487107220020DD
:1039A000FEF701FD2E494878401C4870F8BD70B5FF
:1039B0002B4C01262078002809D0002501280AD0A8
:1039C000022814D0032805D1FFF7C5FE20E0FFF739
:1039D00077FF267070BD60880128FBD1A088411C4C
:1039E000A1800C28F6D96580A58002200AE01E4837
:1039F000817B00290AD0E288002A05D0072905D357
:103A000085730320207070BDE68070BD8573E580EE
:103A1000257070BD00B583B04B20C001009003201D
:103A2000694608710020487188710220C87101221E
:103A300011460020FEF7C8FD002101220846FEF7CE
:103A4000C3FD00230B4A69461846FEF7F0FB01232D
:103A50001A4604490020FEF7F3FC03B000BD000045
:103A600060000020900E0020800E0020870E0020B5
:103A7000920E002025370000704710B50C4A022135
:103A80000020FDF782FB00220A4B02211046FDF7C1
:103A900085FB0022012302211046FDF76FFA022167
:103AA0000020FDF79BFB0020FDF7C8FB10BD0000C8
:103AB00060EA0000A86100001748184A0188491C04
:103AC00089B2018013698B4201D80021018088B23C
:103AD000D0607047704730B50F4C83B01E202080F7
:103AE0006421618001256846057102224271C1800E
:103AF000002101720F2141720023094A01A92846C1
:103B0000FEF7AFF900956388228800210120FEF7B7
:103B100042FA03B030BD0000680000204030004091
:103B2000D53A0000F0B59C4F85B03D8AFC89680607
:103B3000000E0090281980B2984A029010780390E5
:103B400051780191012808D19548032908D004290A
:103B500041D010297ED006297DD0002005B0F0BDCF
:103B6000FD880621FFF761FD010A0006000C0843ED
:103B70008C4FA842B8806FD188488B4D0178A970CE
:103B80004078E870009828710298011B002910DD28
:103B90000620444385482018002254040388240C3E
:103BA0001E0A2C196671801D491E521CA371002922
:103BB000F3D100993C46C91C3980A81CFFF735FD9C
:103BC000002262802288010AAA189070D1700098A1
:103BD000401D6081CCE03D890621FFF726FD010AEA
:103BE0000006000C08436F49A842888034D16B4915
:103BF0006D480A7882704978C17000990171029805
:103C0000031B9C465B1E002B29DD06206849604390
:103C1000421865486546C11C0126ED07F607001DE0
:103C2000921FF54207D0D5882D0A8D709579857041
:103C3000801C891C921DD5885B1010D096892F0A94
:103C40008F708570558A370A0F710671001D091D26
:103C50000C3202E023E061E08AE05B1EEED16046B8
:103C6000401E0AD4221806214A4351494300895A6A
:103C70004D480A0A1818427181710099494D4A4C01
:103C8000C91CE980A01CFFF7D0FC00222A81EA8829
:103C9000010AA2189070D1700098401D67E00621BB
:103CA000FFF7C3FC010A0006000C08433D49888069
:103CB000798988425CD10298011B002918DD3D48B2
:103CC0003D4ACB0705D00379001D1E0213791E4320
:103CD000121D491008D0037A08301E02137A491EBB
:103CE0001E4308320029F6D10620304960430E52A7
:103CF0002D4E0398B0700198F070200A30717471E5
:103D0000280AB071F5710621B01CFFF78EFC010A7C
:103D10003072717223490820488129E00621FFF79B
:103D200084FC010A0006000C1E4D0843A880B989D6
:103D300088421DD119492246887909790002084331
:103D400006214A431949184E88520399B170062139
:103D5000F170210A31717471010AB171F07106219B
:103D6000B01CFFF762FC010A307271720820688192
:103D7000012005B0F0BD1148322181856421018701
:103D8000E1210A4AC900518519220D495201CA860A
:103D900001218182704700006C0E00206C0A002017
:103DA0005A0300206C000020540200209A060020D4
:103DB0005C050020720A0020740A0020DA06002048
:103DC0001A08002070B5704800F073FF6F4D002492
:103DD0006C6428646E4800F06CFFEC64A8646A6C44
:103DE000296CEC626A622962A86270BD70B5674C8A
:103DF000002220696169401C51417D226161D2002D
:103E00000023206101F0F0FBE123E1611B01A061CF
:103E10000022C01A91411DD30020A061E061206101
:103E20006061236A626A5B1C424123626262A06A2B
:103E3000E16A05460D4305D00025ED43401E69416A
:103E4000E162A062236301466263E06AA163E0630A
:103E50000120207070BD10B54C4C207800281FD078
:103E6000226C206B636C616B42404B401A4306D05E
:103E700061642064474A0121434800F039FEA26C86
:103E8000A06BE36CE16B42404B401A4306D0E16407
:103E9000A064414A01213E4800F02AFE0020207023
:103EA00010BD70B5394C002220696169401C514138
:103EB0007D226161D2000023206101F095FBE123A6
:103EC000E1611B01A0610022C01A91411DD30020B5
:103ED000A061E06120616061226A636A521C434113
:103EE00063622262A06AE16A05460D4305D000259F
:103EF000ED43401E6941E162A062636301462263B3
:103F0000E06AA163E06301202070207800281FD0C0
:103F1000226C206B636C616B42404B401A4306D0AD
:103F2000616420641B4A0121174800F0E1FDA26C86
:103F3000A06BE36CE16B42404B401A4306D0E16456
:103F4000A064154A0121124800F0D2FD0020207023
:103F500070BD10B511480A21008B01F0E6FB0B493A
:103F60004A88801A8A6880188860000C488010BDD2
:103F70000A48C18805488288891AC2688918C160C0
:103F80008902090C8180704704EA00007800002053
:103F900008EA0000B8000020C0000020920E0020B7
:103FA0004748C08B70474648408D70474548C08E93
:103FB000704743490020C98E002902D0012900D151
:103FC000012070477D2040498001488670473D4868
:103FD000808C70473B48408D70473A48008E704750
:103FE00010B43A4900200A898B8A002A0CD0403943
:103FF000012A04D0022A04D0032A05D103E0888CC8
:1040000002E0488D00E0088E00243149002B07D0E3
:104010000122012B06D0022B07D0032B0AD107E087
:104020000C7000E00A704C7004E04A700C7001E003
:104030000A704A702749088010BC70472349002045
:10404000897B0906090E00D1012023494884704765
:10405000F8B522480024478F21480588C18800917F
:10406000868900F047F97D220099920180B20029EB
:1040700002D001290CD105E0864209D9012F05D1D2
:104080002C4605E0864203D9012F01D12C4614406D
:104090002046F8BD70B50F252D03284600F009FE17
:1040A0000B4C6060401EF62806D901200146606076
:1040B0000C4A284600F01CFD0149A088088070BD0C
:1040C0009A0600201A080020DA0600205A0800206C
:1040D000C800002022010020920E00201A0A0020B1
:1040E0005A0A0020CC00002010B500F0BAFA10BD2A
:1040F000774A2421515E774B10229A5E0020012AD4
:104100000AD0022A02D0032A02D005E0084603E0C2
:104110000120C003014308B26F490880704770B5A1
:104120006E48FDF709F90307012200206C49002BB6
:1041300001DA4A7000E04870CC88FF23F5339C42D6
:1041400005D24D78002D0BD0641CCC8002E04C7859
:10415000002C05D0CC889C4203D110468A7070BDDB
:10416000C880887070BD70B55C48FDF7E5F8C10681
:1041700000235B48002902DA0121017000E003708E
:104180008188FF25F535574A0424A94205D20678CF
:10419000002E0ED0491C818002E00178002908D051
:1041A0008088A84206D11088204310804007C00FA5
:1041B00070BD83801088A04310804007C00F70BD81
:1041C0004948808A002800D001207047F8B5464849
:1041D0000090808A002801D0012600E000263F4898
:1041E000FDF7AAF8C0063E4C0025002802DA01209F
:1041F000207000E02570A188FF23F53339480422A0
:10420000994205D22378002B10D0491CA18002E0EE
:10421000217800290AD0A3881946FF39F53906D13B
:104220000188114301804807C70F05E0A580018878
:10423000914301804807C70F2848FDF77DF8000724
:1042400002D50120607000E06570E088FF21F53143
:10425000884205D26278002A0AD0401CE08002E041
:104260006078002804D0E088884202D1012001E073
:10427000E5802846A070014600981C4AC0899082BB
:10428000154A012805D100290AD11948407801288A
:1042900006D0002E1AD0002F18D000F0E2F9F8BD99
:1042A0000B4B2421595E0B4C1023E35E0020012BA5
:1042B0000AD0022B02D0032B02D005E0084603E00F
:1042C0000120C003014308B21080F8BD1580F8BD7D
:1042D0009A0600201A070020220100200001004257
:1042E000E00000203E000020DA0600209C050020AF
:1042F000D000002010B55548A5210088890048430A
:10430000491001F012FA80B210BDF0B583B002205E
:10431000FBF735FF4D4C80B22083618B4C4F401A28
:10432000E1694018E0618002050CA8002818658347
:10433000000B208064206843000B60802582B88DCC
:104340000A21484380B260820003642101F0EDF944
:1043500086B2E680388F0A21484380B2A08201905D
:104360000003642101F0E1F980B220810290394814
:104370003949C08EA0814F8DE781E18A884200D201
:10438000084602990446B1423ED9881B01F0D6FB8B
:104390000090381B01F0D2FB009901F0BDFA2B49C7
:1043A00008620090029801F0D1FB009901F08EFCA8
:1043B0000290384601F0CAFB029901F0DFFC234964
:1043C00048620290284601F0C1FB009901F07EFC92
:1043D000029901F035FC01F04FFB1C49B54288629F
:1043E00001461A4801D244810AE0019A954201D956
:1043F000478105E04181194840220188114301802D
:104400001748818E1148818003B0F0BD70B500243B
:10441000FFF7CFFD85B211480078400603D411485C
:104420008078012804D109488188012903D0448972
:10443000012D04D006E0FFF70BFE84B2F8E701205F
:10444000C00304430848048070BD0000E800002059
:10445000DA0600201A0800209A0600203E000020FC
:104460001A0A0020D00000202201002070B5324836
:10447000324DC08F324C00280CD04026012803D08A
:10448000022801D0032805D100F01DF8A88020885B
:1044900030432080A888288021880A060ED5294A22
:1044A0001278012A0AD18022914321802649274A85
:1044B000898E274C1180012901D0208070BDFFF723
:1044C000C7FD208070BDF0B5224D83B06889029091
:1044D0002E8A0120FBF753FE184C60802189401A78
:1044E000E188401880B2E080000B20810190E88ACA
:1044F000AF8BAA88391A02980092301A01F023F97A
:104500007843351A0120FBF73AFE60802189401A72
:10451000E188401880B2E080000B20817043401990
:1045200081B2019A0098904201D9491C00E0491ECD
:1045300088B203B0F0BD0000DA06002014010020AC
:104540003E000020D00000201A0A0020EC000020CD
:1045500022010020DA070020F8B55748058E448D67
:1045600056484788FFF725FD86B255480078002851
:1045700002D0FFF715FD0BE0012F07D0A54202D2B4
:104580000A204543ACB2012E04D006E0FFF728FD17
:1045900084B2F8E70120C00304434A488480F8BD90
:1045A000494848490278002A05D18278002A02D178
:1045B0004279002A01D0022002E04078012800D18F
:1045C0000870704740484178012937D102783D4949
:1045D000002A05D18278002A02D14079002801D032
:1045E000022000E00120087036480078002825D01D
:1045F000012823D1F8B53048058E448D2F484788CF
:10460000FFF7D7FC86B22E480078002802D0FFF7CB
:10461000C7FC0BE0012F07D0A54202D20A20454378
:10462000ACB2012E04D006E0FFF7DAFC84B2F8E762
:104630000120C003044323488480F8BD704710B5AF
:1046400020484088012806D0022807D0032801D13D
:10465000FFF7B8FF10BDFFF7D9FE10BDFFF706FF4B
:1046600010BD10B514480122018B1648002341806B
:104670001548022903D00370032905D000E0027019
:10468000437001290BD000E042708370012908D0EB
:10469000022909D0032901D1FFF794FF10BD8270D0
:1046A000F4E7FFF7B3FE10BDFFF7E0FE10BD0548CD
:1046B00006498088888170479A0600205A080020A1
:1046C000520000201E010020D0000020920E002089
:1046D00070B4EF4EEF4CF5890021EF4BE5810120DE
:1046E00002468A402A4259D00D2957D20A007A44FC
:1046F000127992189744060B11171D23292F343A6B
:1047000040464C001978014319700121E8E71978F7
:104710000222114319701146E2E71978042211436D
:1047200019700321DCE7197808221143197004215C
:10473000D6E719781022114319700521D0E71978AE
:104740002022114319700621CAE71978402211432B
:1047500019700721C4E75978014359700821BFE750
:1047600019788022114319700921B9E7597802227A
:10477000114359700A21B3E7597804221143597043
:104780000B21ADE759780822114359700C21A7E796
:1047900059781022114359700D21A1E7491C1029A5
:1047A0009EDB1988002901D0208001E000202080B4
:1047B000B08470BC7047F0B5B5488BB00489018BEC
:1047C0000A91418A0991C18A0891808A0790B34869
:1047D0000026C18DB248B54D82890592078B808C29
:1047E0000390B04840880290AF48008D0190AA48DD
:1047F0000078400700280DDB8C420BD9291DAC48FE
:10480000FEF7F5FB002806D0A348042201781143E7
:10481000017000E06E60A048007800070ED4059893
:1048200084420BD2A349A248FEF7E1FB002806D040
:104830009948082201781143017000E0AE60964C5F
:104840002078C0060DD40A98B8420AD99A499848E7
:10485000FEF7CDFB002805D02078102108432070FA
:1048600000E0EE60207880060ED403990998884213
:104870000AD992498E48FEF7BAFB002805D0207865
:1048800020210843207000E02E618D480078002828
:1048900012D12078C0090ED10299089888420AD90D
:1048A00088498348FEF7A3FB002805D020788021A3
:1048B0000843207000E0AE6183480078002810D1E2
:1048C0006078C0070FD10199079888420BD97F49BA
:1048D0007748FEF78CFB002803D06078012108435D
:1048E00060700BB0F0BD6E610BB0F0BDF0B5684804
:1048F0008BB00489018B0891C18A0791808A069048
:10490000664967488A8E408A01900490088D099014
:104910006448614DC089039063480026C08D0290B1
:104920002878400700280CDA94420AD26849604887
:10493000FEF75DFB002806D02878FB210840287090
:1049400001E05A488662544801270078514D00071B
:1049500000280FDA019884420CD95E495448FEF7CA
:1049600046FB002808D04C48F7220178114001701E
:104970002F8001E04D48C662474C2078C0060FD515
:104980000499089888420BD253494948FEF72FFBF7
:10499000002807D02078EF21084020702F8001E008
:1049A00042480663414846636078C0070FD00299C9
:1049B000069888420BD249493D48FEF718FB00286B
:1049C00007D060784008400060702F8001E03748D1
:1049D000C6632078C0090FD00399079888420BD28C
:1049E0003F493348FEF703FB002807D020784006F4
:1049F000400E20702F8001E02C48066421786A89DF
:104A00004806C00F904204D0490602D56988491C67
:104A10006980688169880998814208D27D2031497E
:104A20008001FEF7E4FA002801D0AF8102E0A889F6
:104A3000012800D12F802078400600D4AE81144890
:104A40002188C1810BB0F0BD42E610B41048114A74
:104A5000C0899080D3882449984209D0002809D081
:104A6000138A5C005B1C9B0708539B0F138202E0B8
:104A7000002801D10020D0801C480A8802824A8880
:104A8000C2828A888283C988418410BC7047000032
:104A9000920E0020240100202C0100209A08002002
:104AA000DA080020DA090020DA070020BC0E002016
:104AB000F8240100C40E0020C80E0020CC0E0020F7
:104AC000C8000020D40E0020C9000020D00E002015
:104AD000E40E0020E80E0020EC0E0020F80E00206E
:104AE000FC0E0020F40E002036010020DC05002022
:104AF000F8B5064617460D460120FDF7CEFE01200B
:104B0000FDF7B1FF31460220FDF797FF0024002D8D
:104B10000BD9A000395A6A46118080190121FDF78E
:104B2000ADFF641CA4B2AC42F3D30020FDF79BFFA1
:104B30000020FDF7B2FEF8BDF0B583B05E480190ED
:104B40005E4C408FE080A321A18061885C4A0129EE
:104B500001D0D188618021780025002973D00129F6
:104B600070D002296BD1012869D10020554FE08017
:104B7000BB1E901F1188512586895980418A9E80CD
:104B80000C301B1D6D1EF7D1F3208000FF21105A41
:104B90004531785249483B258688AD02494F01206E
:104BA000FDF77BFE0120FDF75EFF29460220FDF7A1
:104BB00044FF0024002E0BD9A000395A6A46118008
:104BC00040190121FDF75AFF641CA4B2B442F3D38B
:104BD0000020FDF748FF0020FDF75FFE3A49642002
:104BE000FEF705FA00282AD034480199C2884A877E
:104BF0000121018175256D020F46344E0846FDF7EF
:104C00004CFE0120FDF72FFF29460220FDF715FF7E
:104C10000024A000315A6A46118040190121FDF795
:104C20002DFF641CA4B2BC42F3D30020FDF71BFF90
:104C30000020FDF732FE214900200881087003B0F2
:104C4000F0BD00E01EE02069012810D13B239B024B
:104C500018881080A088400808D09988D1801989C8
:104C60009181401E0C3208330028F6D12561E0887E
:104C7000012805D060880128E1D1207003B0F0BD83
:104C80000220FAE760880128F8D10F2365801B0312
:104C900018881080114651209E88CE801E898E81F2
:104CA000401E0C3108330028F6D1D580257003B0A2
:104CB000F0BD0068704700009A0800204001002005
:104CC0009A0600200C0F00204C0100204801002013
:104CD00010B525480088C105244803D50221FCF7FA
:104CE00027FB10BD0221FCF725FB10BD70B4204846
:104CF000FF24468AC5891F480134C38B1A4802889D
:104D00001146A143012B07D1002E03D0224302807C
:104D100070BC7047002DFBD0018070BC704710B58F
:104D2000114C2088C105114803D50221FCF700FB76
:104D300002E00221FCF7FEFA0D48428AC1890D48C3
:104D4000C38BFF200130012B03D0218881432180B8
:104D500010BD002A02D02188014303E00029F7D0CA
:104D600021888143218010BD3E00002000000042C8
:104D7000920E00201A08002010B50320FBF7FFF95F
:104D800080B210BDF0B5FF48FF4C83B0C08A2084CC
:104D9000FFF70CF986B2FD486684418EE184858D6B
:104DA000FB4825854278012A03D08078012807D066
:104DB0000AE0F8480A22008E5043F74A908603E042
:104DC000F648F54A00889086A78C691AB81B00F04F
:104DD000BAFC00F0B3FEF049C86601900090284686
:104DE00000F0B4FE0290009900F070FF0090384689
:104DF00000F0ACFE009900F0C1FF00F063FE80B24D
:104E000020860090E649029800F0B8FF00F05AFEB4
:104E100080B26086218C0291A94210D9009800F0DE
:104E200095FE0546029800F091FE019900F04EFFB4
:104E3000294600F005FF00F045FEA08602E0814211
:104E400000D2A786A08EB04201D20020A08603B077
:104E5000F0BDF0B5CB48CC4C83B0808A2081FFF701
:104E6000A5F886B2C9486681418EE181858DC84822
:104E700025824278012A03D08078012807D00AE0F1
:104E8000C4480A22008E5043C34A908603E0C348B8
:104E9000C14A00889086A789691AB81B00F053FCA4
:104EA00000F04CFEBC49486501900090284600F097
:104EB0004DFE0290009900F009FF0090384600F086
:104EC00045FE009900F05AFF00F0FCFD80B22083FF
:104ED0000090B349029800F051FF00F0F3FD80B25A
:104EE000608321890291A94210D9009800F02EFE1A
:104EF0000546029800F02AFE019900F0E7FE2946D7
:104F000000F09EFE00F0DEFDA08302E0814200D2B0
:104F1000A783A08BB04201D20020A08303B0F0BDD4
:104F20009848A049808808804A88801A4A68801872
:104F300048608002000C48807047F0B5914899495C
:104F400089B0808808804A88801A4A68801848603A
:104F50008002000C48800A2100F0E7FB8E4C208084
:104F6000FFF724F887B28A4867804178012903D087
:104F70008078012805D007E086480A21008E484342
:104F800001E086480088A0868049C88CE0800D8CAE
:104F9000258129460A3989B2069161820291A68843
:104FA000291AF01B00F0CFFB00F0C8FDE060019073
:104FB0000090069800F0CAFD009900F087FE00906E
:104FC000304600F0C3FD009900F0D8FE00F07AFDF5
:104FD00080B275492082497801291DD1218800912C
:104FE000A9420FD900F0B2FD0546009800F0AEFDD1
:104FF000019900F06BFE294600F022FE00F062FDF0
:10500000A08204E008460299884200D2A682A08AC3
:10501000B84201D20020A08209B0F0BDF0B55948D5
:10502000604985B0808808804A88801A4A6880185C
:1050300048608002000C48800A2100F076FB564C44
:105040002083FEF7B3FF608351484178012903D0E4
:105050008078012805D007E04E480A21008E484399
:1050600001E04E480088A0834849C88CE0830F8C3B
:105070006783258C29460A318EB26685291AA08B52
:1050800003900290C01B00F05EFB00F057FD6062D1
:1050900001900090304600F059FD009900F016FE96
:1050A0000090029800F052FD009900F067FE00F0B9
:1050B00009FD80B23C492085097901291BD1218B4A
:1050C0000091A9420ED900F041FD0546009800F07C
:1050D0003DFD019900F0FAFD294600F0B1FD00F018
:1050E000F1FC02E0B14201D20398A085A08DB84244
:1050F00001D20020A08505B0F0BDF0B521487D218A
:1051000083B04089C90000F010FB234D2886FEF7CC
:105110004DFF87B21D486F86C18FE986048F1C48FA
:105120002C874278012A03D08078012805D007E037
:1051300018480A22008E504301E018480088A886CB
:10514000154E611AB58EE81B00F0FDFA00F0F6FC72
:10515000F06306460190204600F0F8FC31460290CC
:1051600000F0B4FD0646284600F0F0FC314600F0A1
:1051700005FE00F0A7FC044E80B2308001210090B3
:10518000890713E0920E0020E81000209A07002003
:10519000D00000209A060020A8100020F200002075
:1051A0000000A040D80000209C100020029800F0D1
:1051B000E5FD00F087FC80B2FE4970800978012986
:1051C0001DD1FD49098E0291A14210D9009800F02D
:1051D000BDFC0446029800F0B9FC019900F076FD90
:1051E000214600F02DFD00F06DFCB08002E0814210
:1051F00000D2B580B088B84201D20020B08003B0A0
:10520000F0BDF0B5ED48EE4D8BB000882887FEF775
:10521000CDFE87B2EB486F874178012903D08078B3
:10522000012805D007E0E8480A21008E484301E044
:10523000E6480088A887E649E64CC88CE8870E8CCB
:10524000268031460A3989B2089161810791311A65
:10525000A88F00900690C01B00F075FA00F06EFC5D
:1052600000F030FC80B228870546089800F06EFCFC
:105270006168059100F02AFD0290069800F066FC36
:10528000029900F07BFD00F01DFC80B2C94920812D
:10529000497801291AD1B5420ED900F057FC0646CB
:1052A000284600F053FC059900F010FD314600F04F
:1052B000C7FC00F007FC03E00798854201D2009884
:1052C000A081A089B84201D20020A0810BB0F0BD1E
:1052D000F0B5C148C14983B0808808804A88801AE7
:1052E0004A68801848608002000C48800A2100F05B
:1052F0001CFAB84C2085FEF759FE87B2B148678585
:105300004178012903D08078012805D007E0AE4814
:105310000A21008E484301E0AC480088A085AC49D2
:10532000C88CE0850290098C21860A460A3A96B21A
:105330006687A58D091AE81B00F005FA00F0FEFB50
:10534000606301900090304600F000FC009900F08E
:10535000BDFC0090284600F0F9FB009900F00EFD1E
:1053600000F0B0FB80B293492087497801291CD115
:10537000218D029A009191420FD900F0E7FB05467A
:10538000009800F0E3FB019900F0A0FC294600F032
:1053900057FC00F097FBA08702E0B14200D2A5873E
:1053A000A08FB84201D20020A08703B0F0BDF8B5AD
:1053B00089488A49808808804A88801A4A68801803
:1053C00048608002000C48800A2100F0AEF9814C50
:1053D0002082FEF7EBFD87B27A4867824178012987
:1053E00003D08078012805D007E077480A21008E95
:1053F000484301E075480088A0827548C18CE1826D
:10540000008C208302460A3A96B26684A58A411A25
:10541000E81B00F098F900F091FBE0610090304645
:1054200000F094FB009900F051FC0090284600F039
:105430008DFB009900F0A2FC00F044FB20845D4845
:105440004078012808D1208AB04200D2A584A08CDF
:10545000B84201D20020A084F8BDF0B45C48604B93
:10546000418B1A885F48564C02805248594B00279E
:10547000CD070AD0012505705A4EA5883688B54259
:1054800000D82E46574D2E8002E000250570A280E0
:105490008D070BD501254570474D524EAD8A368894
:1054A000B54200D82E464F4D2E8003E000254570B2
:1054B000414DAA824D070AD501258570494EA58B1D
:1054C0003688B54200D82E46464D2E8002E0002593
:1054D0008570A2830D070AD50125C570414EA58EA2
:1054E0003688B54200D82E463E4D2E8002E000257B
:1054F000C570A286CD060BD50125C5712E4DAE8D8A
:10550000384D2D88AE4200D83546364E358003E002
:105510000025C571284DAA858D060AD5012505727D
:10552000304D9E892D88AE4200D835462D4E3580AF
:1055300002E0002505729A814D060AD50125857184
:10554000284E9D8F3688B54200D82E46254D2E8098
:1055500002E0002585719A870D060AD5012545715F
:10556000204D9E8C2D88AE4200D835461D4E35808C
:1055700002E0002545719A847F1C102F00DA77E73E
:105580001848018816480180F0BC704710B5FFF735
:1055900064FFFFF7B2FDFFF7D0FCFFF75AFCFFF7FF
:1055A000F1FBFFF704FFFFF793FEFFF737FDFFF76F
:1055B00028FE10BD9C100020A81000207A000020BA
:1055C000E8100020D00000209A060020F200002001
:1055D0009A07002028110020920E0020D8000020F9
:1055E0002201002054010020FEB5054610460C465D
:1055F000184373D0AE468C460020AD1A01469C413C
:1056000067D36646002701243D46B61A9D4102D362
:1056100013463A462124654676462F04360C3E430F
:105620002D0CB61A9D4104D3150C1B042B431204F8
:105630001034654676462F06360A3E432D0AB61AC2
:105640009D4104D3150E1B022B43120208346546FC
:1056500076462F0736093E432D09B61A9D4104D3DD
:10566000150F1B012B431201241D65467646AF071B
:10567000B6083E43AD08B61A9D4104D3950F9B0072
:105680002B439200A41C65467646EF0776083E43FE
:105690006D08B61A9D411AD392185B41641C16E03E
:1056A0000018764665464941B71A9D410191009020
:1056B00009D36046B11A98418E46844600980199F4
:1056C0000025401C6941DD0752082A435B08641E1F
:1056D000E6D57246634603B0F0BDFFE70020014601
:1056E000C046C0462A462346F5E701E004C0091F2C
:1056F0000429FBD28B0701D50280801CC90700D08A
:105700000270704700290BD0C30702D00270401C02
:10571000491E022904D3830702D50280801C891EFA
:10572000E3E70022EEE70022DFE7002203098B42D5
:1057300073D3030A8B4258D3030B8B423CD3030C25
:105740008B4221D312E003460B437FD4002243084F
:105750008B4274D303098B425FD3030A8B4244D339
:10576000030B8B4228D3030C8B420DD3FF2209027B
:1057700012BA030C8B4202D31212090265D0030B3A
:105780008B4219D300E0090AC30B8B4201D3CB0330
:10579000C01A5241830B8B4201D38B03C01A524172
:1057A000430B8B4201D34B03C01A5241030B8B4274
:1057B00001D30B03C01A5241C30A8B4201D3CB025F
:1057C000C01A5241830A8B4201D38B02C01A524144
:1057D000430A8B4201D34B02C01A5241030A8B4247
:1057E00001D30B02C01A5241CDD2C3098B4201D35F
:1057F000CB01C01A524183098B4201D38B01C01ADD
:10580000524143098B4201D34B01C01A5241030953
:105810008B4201D30B01C01A5241C3088B4201D302
:10582000CB00C01A524183088B4201D38B00C01AAF
:10583000524143088B4201D34B00C01A5241411AD6
:1058400000D201465241104670475DE0CA0F00D0B9
:105850004942031000D34042534000229C460309B2
:105860008B422DD3030A8B4212D3FC22890112BA38
:10587000030A8B420CD3890192118B4208D3890110
:1058800092118B4204D389013AD0921100E0890928
:10589000C3098B4201D3CB01C01A524183098B4209
:1058A00001D38B01C01A524143098B4201D34B01F2
:1058B000C01A524103098B4201D30B01C01A524155
:1058C000C3088B4201D3CB00C01A524183088B42DC
:1058D00001D38B00C01A5241D9D243088B4201D365
:1058E0004B00C01A5241411A00D201466346524150
:1058F0005B10104601D34042002B00D5494270474F
:1059000063465B1000D3404201B50020C046C0464C
:1059100002BD704770477047F0B5FF252D04C609DA
:10592000C209FF2704462E400137CB093E434840B9
:105930002A402B400746002A6BD0002B69D0AA4290
:1059400067D0AB4265D0002800DA32460125ED056C
:1059500029432C4309022002090AD21A4B0C7F2446
:10596000E31A434C000A7C44E35C7D2424041219AE
:1059700014145B00A218884201D3521C00E04000BE
:1059800049420C465C4324115C43DB016415E31877
:10599000040A5C43C502200D0C4644436419250AE1
:1059A0005D432303EC0C0D46654300030019EB181F
:1059B0004C42A34201D35B18401CD4052018002B95
:1059C00007D05B00C91804D3401C002901D140084E
:1059D00040003F2189048A4209D3002A08DC1106CD
:1059E000090F04D0032149074018C00FC007F0BDBC
:1059F00001224100120689187F2252069142F6D2F6
:105A000005214907C84201D59010F0BDFF20C0050F
:105A1000F0BD002F00DA32461648AA4207D2AB4248
:105A200005D21902090E17D0F80FC007F0BDFF25E7
:105A300063002D06AB42F9D84900A942F6D8AB4223
:105A400001D1A942F2D0A94201D1002101E06100B7
:105A50004908D0050843F0BD1102090EFBD0FF2014
:105A60000243D005F0BD0A460146104654E7000047
:105A7000ED0400000000C07F10B501469E24000226
:105A8000CA15A307002A02D01843002A04DBA21A71
:105A9000002A0CDDD04010BD1206120E01D14000CC
:105AA0004008A21A03D4D04040420028F3DDFF2270
:105AB00048001206904201D9002010BDC817C0430B
:105AC000584010BD0102C21504D00123DB07194361
:105AD000002A0ADB9E239A1A02D40846D040704757
:105AE000FF2241001206914201D900207047C017E1
:105AF000C04370471F22030C02D10F2200041CD0A8
:105B0000030E01D10002083A030F01D10001121F58
:105B1000830F01D18000921E002801DB4000521E3D
:105B2000D2055118021251181922904004D3491C71
:105B3000002801D14908490008467047C10FC9072C
:105B400000D04042012292071143D3E70121890787
:105B5000D0E7754600F024F8AE4605006946534686
:105B6000C008C000854618B020B5FDF7FBF960BC41
:105B700000274908B6460026C0C5C0C5C0C5C0C577
:105B8000C0C5C0C5C0C5C0C5403D49008D467047B1
:105B900010B50446C046C0462046FAF7C2FA10BD0A
:105BA000004870476811002001491820ABBEFEE78D
:105BB00026000200704770B58C180578401C6B07F2
:105BC0005B0F01D10378401C2A1106D10278401CDA
:105BD00003E00678401C0E70491C5B1EF9D12B07B0
:105BE00005D40023521E0DD40B70491CFAE703782C
:105BF000401CCB1A921C03E01D780D70491C5B1CE5
:105C0000521EF9D5A142D8D3002070BDF0B4040CC7
:105C10008BB2264682B25E430D0C1046370C5843B9
:105C2000360480190021794116466E43370C36043C
:105C30008019794126466E438919F0BC70470000EF
:105C400070B501250400ED074C4020D4441A01D260
:105C5000001B0919C60D4B00F2B2FF2A29D01B0EFA
:105C60002CD000020C02D31A2C43DC402843051927
:105C700010D2280A02D3401C6D0611D0761EF605FC
:105C80008019FF2A00DA70BDC00DC00570BD6940E3
:105C900000F07AF801200543C541521C761CE8E764
:105CA00064089C40C90161408900E7D10124A043F8
:105CB000E4E71B0E440200D0034870BD002AFCD16B
:105CC000C00FC00770BD00BF0000C07F70B54200AC
:105CD00064414B005C41120E39D01B0E38D0FF2AB4
:105CE0003CD0FF2B3AD040024902400A490A060044
:105CF00045184E43000A090AD2184843ED017F3A7D
:105D00000104731A4019190C4318990F04D001218A
:105D10005B0849075B1A521CD80904D3401CF503E1
:105D200001D19D0607D0FF2A08D2D50506D0E40789
:105D30002043401970BD0125A843F4E7002A01DC87
:105D4000E00770BD2402FF202043C00570BD1B0E7C
:105D5000FF2A03D0FF2B01D0E00770BDFF264500CE
:105D60003606B54206D84D00B54203D8D218FF2AF0
:105D700000D0E7E7004870BD0000C07F70B5012586
:105D80000400ED074C4022D4441A02D26C40001BA0
:105D90000919C60D4B00F2B2FF2A4BD01B0E50D092
:105DA00000020C02D31A2C43DC40A843051B05D586
:105DB000AD0019D36D08761E521E37D0F605280A9D
:105DC00001D2801970BD70416D0603D070BD69406D
:105DD000FFF73CFF9C4009026140490001D0401E92
:105DE00070BD0124A04370BD6D081DD001202B0C97
:105DF00001D12D0410302B0E01D12D0208302B0FB4
:105E000001D12D01001DAB0F01D1AD00801CEB0FA6
:105E100001D16D00401C6D00361A121A680AF50592
:105E20004019012A02DB70BD002070BDC036300A67
:105E3000C00770BD1B0E440201D1FF2B00D10248E8
:105E400070BD002AF0D070BD0000C07F00020100CC
:105E50000000010000000181828384858687888993
:105E60008B8C8D8E8F919293959697999A9C9D9FEE
:105E7000A0A2A3A5A7A8AAACAEB0B2B3B5B7B9BC4F
:105E8000BEC0C2C5C7C9CCCED1D4D7D9DCDFE2E60B
:105E9000E9ECF0F3F7FAFE00D4FE00000000002069
:105EA00058010000B65B0000ECFE00005801002025
:105EB00070160000EC000000000000000000000070
:105EC00000000000000000000000000000000000D2
:105ED00000000000000000000000000000000000C2
:105EE00000000000000000000000000000000000B2
:105EF00000000000000000000000000000000000A2
:105F00000000000000000000000000000000000091
:105F10000000000000000000000000000000000081
:105F20000000000000000000000000000000000071
:105F30000000000000000000000000000000000061
:105F40000000000000000000000000000000000051
:105F50000000000000000000000000000000000041
:105F60000000000000000000000000000000000031
:105F70000000000000000000000000000000000021
:105F80000000000000000000000000000000000011
:105F90000000000000000000000000000000000001
:105FA00000000000000000000000000000000000F1
:105FB00000000000000000000000000000000000E1
:105FC00000000000000000000000000000000000D1
:105FD00000000000000000000000000000000000C1
:105FE00000000000000000000000000000000000B1
:105FF00000000000000000000000000000000000A1
:106000000000000000000000000000000000000090
:106010000000000000000000000000000000000080
:106020000000000000000000000000000000000070
:106030000000000000000000000000000000000060
:106040000000000000000000000000000000000050
:106050000000000000000000000000000000000040
:106060000000000000000000000000000000000030
:106070000000000000000000000000000000000020
:106080000000000000000000000000000000000010
:106090000000000000000000000000000000000000
:1060A00000000000000000000000000000000000F0
:1060B00000000000000000000000000000000000E0
:1060C00000000000000000000000000000000000D0
:1060D00000000000000000000000000000000000C0
:1060E00000000000000000000000000000000000B0
:1060F00000000000000000000000000000000000A0
:10610000000000000000000000000000000000008F
:10611000000000000000000000000000000000007F
:10612000000000000000000000000000000000006F
:10613000000000000000000000000000000000005F
:10614000000000000000000000000000000000004F
:10615000000000000000000000000000000000003F
:10616000000000000000000000000000000000002F
:10617000000000000000000000000000000000001F
:10618000000000000000000000000000000000000F
:1061900000000000000000000000000000000000FF
:1061A00000000000000000000000000000000000EF
:1061B00000000000000000000000000000000000DF
:1061C00000000000000000000000000000000000CF
:1061D00000000000000000000000000000000000BF
:1061E00000000000000000000000000000000000AF
:1061F000000000000000000000000000000000009F
:10620000000000000000000000000000000000008E
:10621000000000000000000000000000000000007E
:10622000000000000000000000000000000000006E
:10623000000000000000000000000000000000005E
:10624000000000000000000000000000000000004E
:10625000000000000000000000000000000000003E
:10626000000000000000000000000000000000002E
:10627000000000000000000000000000000000001E
:10628000000000000000000000000000000000000E
:1062900000000000000000000000000000000000FE
:1062A00000000000000000000000000000000000EE
:1062B00000000000000000000000000000000000DE
:1062C00000000000000000000000000000000000CE
:1062D00000000000000000000000000000000000BE
:1062E00000000000000000000000000000000000AE
:1062F000000000000000000000000000000000009E
:10630000000000000000000000000000000000008D
:10631000000000000000000000000000000000007D
:10632000000000000000000000000000000000006D
:10633000000000000000000000000000000000005D
:10634000000000000000000000000000000000004D
:10635000000000000000000000000000000000003D
:10636000000000000000000000000000000000002D
:10637000000000000000000000000000000000001D
:10638000000000000000000000000000000000000D
:1063900000000000000000000000000000000000FD
:1063A00000000000000000000000000000000000ED
:1063B00000000000000000000000000000000000DD
:1063C00000000000000000000000000000000000CD
:1063D00000000000000000000000000000000000BD
:1063E00000000000000000000000000000000000AD
:1063F000000000000000000000000000000000009D
:10640000000000000000000000000000000000008C
:10641000000000000000000000000000000000007C
:10642000000000000000000000000000000000006C
:10643000000000000000000000000000000000005C
:10644000000000000000000000000000000000004C
:10645000000000000000000000000000000000003C
:10646000000000000000000000000000000000002C
:10647000000000000000000000000000000000001C
:10648000000000000000000000000000000000000C
:1064900000000000000000000000000000000000FC
:1064A00000000000000000000000000000000000EC
:1064B00000000000000000000000000000000000DC
:1064C00000000000000000000000000000000000CC
:1064D00000000000000000000000000000000000BC
:1064E00000000000000000000000000000000000AC
:1064F000000000000000000000000000000000009C
:10650000000000000000000000000000000000008B
:10651000000000000000000000000000000000007B
:10652000000000000000000000000000000000006B
:10653000000000000000000000000000000000005B
:10654000000000000000000000000000000000004B
:10655000000000000000000000000000000000003B
:10656000000000000000000000000000000000002B
:10657000000000000000000000000000000000001B
:10658000000000000000000000000000000000000B
:1065900000000000000000000000000000000000FB
:1065A00000000000000000000000000000000000EB
:1065B00000000000000000000000000000000000DB
:1065C00000000000000000000000000000000000CB
:1065D00000000000000000000000000000000000BB
:1065E00000000000000000000000000000000000AB
:1065F000000000000000000000000000000000009B
:10660000000000000000000000000000000000008A
:10661000000000000000000000000000000000007A
:10662000000000000000000000000000000000006A
:10663000000000000000000000000000000000005A
:10664000000000000000000000000000000000004A
:10665000000000000000000000000000000000003A
:10666000000000000000000000000000000000002A
:10667000000000000000000000000000000000001A
:10668000000000000000000000000000000000000A
:1066900000000000000000000000000000000000FA
:1066A00000000000000000000000000000000000EA
:1066B00000000000000000000000000000000000DA
:1066C00000000000000000000000000000000000CA
:1066D00000000000000000000000000000000000BA
:1066E00000000000000000000000000000000000AA
:1066F000000000000000000000000000000000009A
:106700000000000000000000000000000000000089
:106710000000000000000000000000000000000079
:106720000000000000000000000000000000000069
:106730000000000000000000000000000000000059
:106740000000000000000000000000000000000049
:106750000000000000000000000000000000000039
:106760000000000000000000000000000000000029
:106770000000000000000000000000000000000019
:106780000000000000000000000000000000000009
:1067900000000000000000000000000000000000F9
:1067A00000000000000000000000000000000000E9
:1067B00000000000000000000000000000000000D9
:1067C00000000000000000000000000000000000C9
:1067D00000000000000000000000000000000000B9
:1067E00000000000000000000000000000000000A9
:1067F0000000000000000000000000000000000099
:106800000000000000000000000000000000000088
:106810000000000000000000000000000000000078
:106820000000000000000000000000000000000068
:106830000000000000000000000000000000000058
:106840000000000000000000000000000000000048
:106850000000000000000000000000000000000038
:106860000000000000000000000000000000000028
:106870000000000000000000000000000000000018
:106880000000000000000000000000000000000008
:1068900000000000000000000000000000000000F8
:1068A00000000000000000000000000000000000E8
:1068B00000000000000000000000000000000000D8
:1068C00000000000000000000000000000000000C8
:1068D00000000000000000000000000000000000B8
:1068E00000000000000000000000000000000000A8
:1068F0000000000000000000000000000000000098
:106900000000000000000000000000000000000087
:106910000000000000000000000000000000000077
:106920000000000000000000000000000000000067
:106930000000000000000000000000000000000057
:106940000000000000000000000000000000000047
:106950000000000000000000000000000000000037
:106960000000000000000000000000000000000027
:106970000000000000000000000000000000000017
:106980000000000000000000000000000000000007
:1069900000000000000000000000000000000000F7
:1069A00000000000000000000000000000000000E7
:1069B00000000000000000000000000000000000D7
:1069C00000000000000000000000000000000000C7
:1069D00000000000000000000000000000000000B7
:1069E00000000000000000000000000000000000A7
:1069F0000000000000000000000000000000000097
:106A00000000000000000000000000000000000086
:106A10000000000000000000000000000000000076
:106A20000000000000000000000000000000000066
:106A30000000000000000000000000000000000056
:106A40000000000000000000000000000000000046
:106A50000000000000000000000000000000000036
:106A60000000000000000000000000000000000026
:106A70000000000000000000000000000000000016
:106A80000000000000000000000000000000000006
:106A900000000000000000000000000000000000F6
:106AA00000000000000000000000000000000000E6
:106AB00000000000000000000000000000000000D6
:106AC00000000000000000000000000000000000C6
:106AD00000000000000000000000000000000000B6
:106AE00000000000000000000000000000000000A6
:106AF0000000000000000000000000000000000096
:106B00000000000000000000000000000000000085
:106B10000000000000000000000000000000000075
:106B20000000000000000000000000000000000065
:106B30000000000000000000000000000000000055
:106B40000000000000000000000000000000000045
:106B50000000000000000000000000000000000035
:106B60000000000000000000000000000000000025
:106B70000000000000000000000000000000000015
:106B80000000000000000000000000000000000005
:106B900000000000000000000000000000000000F5
:106BA00000000000000000000000000000000000E5
:106BB00000000000000000000000000000000000D5
:106BC00000000000000000000000000000000000C5
:106BD00000000000000000000000000000000000B5
:106BE00000000000000000000000000000000000A5
:106BF0000000000000000000000000000000000095
:106C00000000000000000000000000000000000084
:106C10000000000000000000000000000000000074
:106C20000000000000000000000000000000000064
:106C30000000000000000000000000000000000054
:106C40000000000000000000000000000000000044
:106C50000000000000000000000000000000000034
:106C60000000000000000000000000000000000024
:106C70000000000000000000000000000000000014
:106C80000000000000000000000000000000000004
:106C900000000000000000000000000000000000F4
:106CA00000000000000000000000000000000000E4
:106CB00000000000000000000000000000000000D4
:106CC00000000000000000000000000000000000C4
:106CD00000000000000000000000000000000000B4
:106CE00000000000000000000000000000000000A4
:106CF0000000000000000000000000000000000094
:106D00000000000000000000000000000000000083
:106D10000000000000000000000000000000000073
:106D20000000000000000000000000000000000063
:106D30000000000000000000000000000000000053
:106D40000000000000000000000000000000000043
:106D50000000000000000000000000000000000033
:106D60000000000000000000000000000000000023
:106D70000000000000000000000000000000000013
:106D80000000000000000000000000000000000003
:106D900000000000000000000000000000000000F3
:106DA00000000000000000000000000000000000E3
:106DB00000000000000000000000000000000000D3
:106DC00000000000000000000000000000000000C3
:106DD00000000000000000000000000000000000B3
:106DE00000000000000000000000000000000000A3
:106DF0000000000000000000000000000000000093
:106E00000000000000000000000000000000000082
:106E10000000000000000000000000000000000072
:106E20000000000000000000000000000000000062
:106E30000000000000000000000000000000000052
:106E40000000000000000000000000000000000042
:106E50000000000000000000000000000000000032
:106E60000000000000000000000000000000000022
:106E70000000000000000000000000000000000012
:106E80000000000000000000000000000000000002
:106E900000000000000000000000000000000000F2
:106EA00000000000000000000000000000000000E2
:106EB00000000000000000000000000000000000D2
:106EC00000000000000000000000000000000000C2
:106ED00000000000000000000000000000000000B2
:106EE00000000000000000000000000000000000A2
:106EF0000000000000000000000000000000000092
:106F00000000000000000000000000000000000081
:106F10000000000000000000000000000000000071
:106F20000000000000000000000000000000000061
:106F30000000000000000000000000000000000051
:106F40000000000000000000000000000000000041
:106F50000000000000000000000000000000000031
:106F60000000000000000000000000000000000021
:106F70000000000000000000000000000000000011
:106F80000000000000000000000000000000000001
:106F900000000000000000000000000000000000F1
:106FA00000000000000000000000000000000000E1
:106FB00000000000000000000000000000000000D1
:106FC00000000000000000000000000000000000C1
:106FD00000000000000000000000000000000000B1
:106FE00000000000000000000000000000000000A1
:106FF0000000000000000000000000000000000091
:107000000000000000000000000000000000000080
:107010000000000000000000000000000000000070
:107020000000000000000000000000000000000060
:107030000000000000000000000000000000000050
:107040000000000000000000000000000000000040
:107050000000000000000000000000000000000030
:107060000000000000000000000000000000000020
:107070000000000000000000000000000000000010
:107080000000000000000000000000000000000000
:1070900000000000000000000000000000000000F0
:1070A00000000000000000000000000000000000E0
:1070B00000000000000000000000000000000000D0
:1070C00000000000000000000000000000000000C0
:1070D00000000000000000000000000000000000B0
:1070E00000000000000000000000000000000000A0
:1070F0000000000000000000000000000000000090
:10710000000000000000000000000000000000007F
:10711000000000000000000000000000000000006F
:10712000000000000000000000000000000000005F
:10713000000000000000000000000000000000004F
:10714000000000000000000000000000000000003F
:10715000000000000000000000000000000000002F
:10716000000000000000000000000000000000001F
:10717000000000000000000000000000000000000F
:1071800000000000000000000000000000000000FF
:1071900000000000000000000000000000000000EF
:1071A00000000000000000000000000000000000DF
:1071B00000000000000000000000000000000000CF
:1071C00000000000000000000000000000000000BF
:1071D00000000000000000000000000000000000AF
:1071E000000000000000000000000000000000009F
:1071F000000000000000000000000000000000008F
:10720000000000000000000000000000000000007E
:10721000000000000000000000000000000000006E
:10722000000000000000000000000000000000005E
:10723000000000000000000000000000000000004E
:10724000000000000000000000000000000000003E
:10725000000000000000000000000000000000002E
:10726000000000000000000000000000000000001E
:10727000000000000000000000000000000000000E
:1072800000000000000000000000000000000000FE
:1072900000000000000000000000000000000000EE
:1072A00000000000000000000000000000000000DE
:1072B00000000000000000000000000000000000CE
:1072C00000000000000000000000000000000000BE
:1072D00000000000000000000000000000000000AE
:1072E000000000000000000000000000000000009E
:1072F000000000000000000000000000000000008E
:10730000000000000000000000000000000000007D
:10731000000000000000000000000000000000006D
:10732000000000000000000000000000000000005D
:10733000000000000000000000000000000000004D
:10734000000000000000000000000000000000003D
:10735000000000000000000000000000000000002D
:10736000000000000000000000000000000000001D
:10737000000000000000000000000000000000000D
:1073800000000000000000000000000000000000FD
:1073900000000000000000000000000000000000ED
:1073A00000000000000000000000000000000000DD
:1073B00000000000000000000000000000000000CD
:1073C00000000000000000000000000000000000BD
:1073D00000000000000000000000000000000000AD
:1073E000000000000000000000000000000000009D
:1073F000000000000000000000000000000000008D
:10740000000000000000000000000000000000007C
:10741000000000000000000000000000000000006C
:10742000000000000000000000000000000000005C
:10743000000000000000000000000000000000004C
:10744000000000000000000000000000000000003C
:10745000000000000000000000000000000000002C
:10746000000000000000000000000000000000001C
:10747000000000000000000000000000000000000C
:1074800000000000000000000000000000000000FC
:1074900000000000000000000000000000000000EC
:1074A00000000000000000000000000000000000DC
:1074B00000000000000000000000000000000000CC
:1074C00000000000000000000000000000000000BC
:1074D00000000000000000000000000000000000AC
:1074E000000000000000000000000000000000009C
:1074F000000000000000000000000000000000008C
:10750000000000000000000000000000000000007B
:10751000000000000000000000000000000000006B
:10752000000000000000000000000000000000005B
:10753000000000000000000000000000000000004B
:10754000000000000000000000000000000000003B
:10755000000000000000000000000000000000002B
:10756000000000000000000000000000000000001B
:10757000000000000000000000000000000000000B
:1075800000000000000000000000000000000000FB
:1075900000000000000000000000000000000000EB
:1075A00000000000000000000000000000000000DB
:1075B00000000000000000000000000000000000CB
:1075C00000000000000000000000000000000000BB
:1075D00000000000000000000000000000000000AB
:1075E000000000000000000000000000000000009B
:1075F000000000000000000000000000000000008B
:10760000000000000000000000000000000000007A
:10761000000000000000000000000000000000006A
:10762000000000000000000000000000000000005A
:10763000000000000000000000000000000000004A
:10764000000000000000000000000000000000003A
:10765000000000000000000000000000000000002A
:10766000000000000000000000000000000000001A
:10767000000000000000000000000000000000000A
:1076800000000000000000000000000000000000FA
:1076900000000000000000000000000000000000EA
:1076A00000000000000000000000000000000000DA
:1076B00000000000000000000000000000000000CA
:1076C00000000000000000000000000000000000BA
:1076D00000000000000000000000000000000000AA
:1076E000000000000000000000000000000000009A
:1076F000000000000000000000000000000000008A
:107700000000000000000000000000000000000079
:107710000000000000000000000000000000000069
:107720000000000000000000000000000000000059
:107730000000000000000000000000000000000049
:107740000000000000000000000000000000000039
:107750000000000000000000000000000000000029
:107760000000000000000000000000000000000019
:107770000000000000000000000000000000000009
:1077800000000000000000000000000000000000F9
:1077900000000000000000000000000000000000E9
:1077A00000000000000000000000000000000000D9
:1077B00000000000000000000000000000000000C9
:1077C00000000000000000000000000000000000B9
:1077D00000000000000000000000000000000000A9
:1077E0000000000000000000000000000000000099
:1077F0000000000000000000000000000000000089
:107800000000000000000000000000000000000078
:107810000000000000000000000000000000000068
:107820000000000000000000000000000000000058
:107830000000000000000000000000000000000048
:107840000000000000000000000000000000000038
:107850000000000000000000000000000000000028
:107860000000000000000000000000000000000018
:107870000000000000000000000000000000000008
:1078800000000000000000000000000000000000F8
:1078900000000000000000000000000000000000E8
:1078A00000000000000000000000000000000000D8
:1078B00000000000000000000000000000000000C8
:1078C00000000000000000000000000000000000B8
:1078D00000000000000000000000000000000000A8
:1078E0000000000000000000000000000000000098
:1078F0000000000000000000000000000000000088
:107900000000000000000000000000000000000077
:107910000000000000000000000000000000000067
:107920000000000000000000000000000000000057
:107930000000000000000000000000000000000047
:107940000000000000000000000000000000000037
:107950000000000000000000000000000000000027
:107960000000000000000000000000000000000017
:107970000000000000000000000000000000000007
:1079800000000000000000000000000000000000F7
:1079900000000000000000000000000000000000E7
:1079A00000000000000000000000000000000000D7
:1079B00000000000000000000000000000000000C7
:1079C00000000000000000000000000000000000B7
:1079D00000000000000000000000000000000000A7
:1079E0000000000000000000000000000000000097
:1079F0000000000000000000000000000000000087
:107A00000000000000000000000000000000000076
:107A10000000000000000000000000000000000066
:107A20000000000000000000000000000000000056
:107A30000000000000000000000000000000000046
:107A40000000000000000000000000000000000036
:107A50000000000000000000000000000000000026
:107A60000000000000000000000000000000000016
:107A70000000000000000000000000000000000006
:107A800000000000000000000000000000000000F6
:107A900000000000000000000000000000000000E6
:107AA00000000000000000000000000000000000D6
:107AB00000000000000000000000000000000000C6
:107AC00000000000000000000000000000000000B6
:107AD00000000000000000000000000000000000A6
:107AE0000000000000000000000000000000000096
:107AF0000000000000000000000000000000000086
:107B00000000000000000000000000000000000075
:107B10000000000000000000000000000000000065
:107B20000000000000000000000000000000000055
:107B30000000000000000000000000000000000045
:107B40000000000000000000000000000000000035
:107B50000000000000000000000000000000000025
:107B60000000000000000000000000000000000015
:107B70000000000000000000000000000000000005
:107B800000000000000000000000000000000000F5
:107B900000000000000000000000000000000000E5
:107BA00000000000000000000000000000000000D5
:107BB00000000000000000000000000000000000C5
:107BC00000000000000000000000000000000000B5
:107BD00000000000000000000000000000000000A5
:107BE0000000000000000000000000000000000095
:107BF0000000000000000000000000000000000085
:107C00000000000000000000000000000000000074
:107C10000000000000000000000000000000000064
:107C20000000000000000000000000000000000054
:107C30000000000000000000000000000000000044
:107C40000000000000000000000000000000000034
:107C50000000000000000000000000000000000024
:107C60000000000000000000000000000000000014
:107C70000000000000000000000000000000000004
:107C800000000000000000000000000000000000F4
:107C900000000000000000000000000000000000E4
:107CA00000000000000000000000000000000000D4
:107CB00000000000000000000000000000000000C4
:107CC00000000000000000000000000000000000B4
:107CD00000000000000000000000000000000000A4
:107CE0000000000000000000000000000000000094
:107CF0000000000000000000000000000000000084
:107D00000000000000000000000000000000000073
:107D10000000000000000000000000000000000063
:107D20000000000000000000000000000000000053
:107D30000000000000000000000000000000000043
:107D40000000000000000000000000000000000033
:107D50000000000000000000000000000000000023
:107D60000000000000000000000000000000000013
:107D70000000000000000000000000000000000003
:107D800000000000000000000000000000000000F3
:107D900000000000000000000000000000000000E3
:107DA00000000000000000000000000000000000D3
:107DB00000000000000000000000000000000000C3
:107DC00000000000000000000000000000000000B3
:107DD00000000000000000000000000000000000A3
:107DE0000000000000000000000000000000000093
:107DF0000000000000000000000000000000000083
:107E00000000000000000000000000000000000072
:107E10000000000000000000000000000000000062
:107E20000000000000000000000000000000000052
:107E30000000000000000000000000000000000042
:107E40000000000000000000000000000000000032
:107E50000000000000000000000000000000000022
:107E60000000000000000000000000000000000012
:107E70000000000000000000000000000000000002
:107E800000000000000000000000000000000000F2
:107E900000000000000000000000000000000000E2
:107EA00000000000000000000000000000000000D2
:107EB00000000000000000000000000000000000C2
:107EC00000000000000000000000000000000000B2
:107ED00000000000000000000000000000000000A2
:107EE0000000000000000000000000000000000092
:107EF0000000000000000000000000000000000082
:107F00000000000000000000000000000000000071
:107F10000000000000000000000000000000000061
:107F20000000000000000000000000000000000051
:107F30000000000000000000000000000000000041
:107F40000000000000000000000000000000000031
:107F50000000000000000000000000000000000021
:107F60000000000000000000000000000000000011
:107F70000000000000000000000000000000000001
:107F800000000000000000000000000000000000F1
:107F900000000000000000000000000000000000E1
:107FA00000000000000000000000000000000000D1
:107FB00000000000000000000000000000000000C1
:107FC00000000000000000000000000000000000B1
:107FD00000000000000000000000000000000000A1
:107FE0000000000000000000000000000000000091
:107FF0000000000000000000000000000000000081
:108000000000000000000000000000000000000070
:108010000000000000000000000000000000000060
:108020000000000000000000000000000000000050
:108030000000000000000000000000000000000040
:108040000000000000000000000000000000000030
:108050000000000000000000000000000000000020
:108060000000000000000000000000000000000010
:108070000000000000000000000000000000000000
:1080800000000000000000000000000000000000F0
:1080900000000000000000000000000000000000E0
:1080A00000000000000000000000000000000000D0
:1080B00000000000000000000000000000000000C0
:1080C00000000000000000000000000000000000B0
:1080D00000000000000000000000000000000000A0
:1080E0000000000000000000000000000000000090
:1080F0000000000000000000000000000000000080
:10810000000000000000000000000000000000006F
:10811000000000000000000000000000000000005F
:10812000000000000000000000000000000000004F
:10813000000000000000000000000000000000003F
:10814000000000000000000000000000000000002F
:10815000000000000000000000000000000000001F
:10816000000000000000000000000000000000000F
:1081700000000000000000000000000000000000FF
:1081800000000000000000000000000000000000EF
:1081900000000000000000000000000000000000DF
:1081A00000000000000000000000000000000000CF
:1081B00000000000000000000000000000000000BF
:1081C00000000000000000000000000000000000AF
:1081D000000000000000000000000000000000009F
:1081E000000000000000000000000000000000008F
:1081F000000000000000000000000000000000007F
:10820000000000000000000000000000000000006E
:10821000000000000000000000000000000000005E
:10822000000000000000000000000000000000004E
:10823000000000000000000000000000000000003E
:10824000000000000000000000000000000000002E
:10825000000000000000000000000000000000001E
:10826000000000000000000000000000000000000E
:1082700000000000000000000000000000000000FE
:1082800000000000000000000000000000000000EE
:1082900000000000000000000000000000000000DE
:1082A00000000000000000000000000000000000CE
:1082B00000000000000000000000000000000000BE
:1082C00000000000000000000000000000000000AE
:1082D000000000000000000000000000000000009E
:1082E000000000000000000000000000000000008E
:1082F000000000000000000000000000000000007E
:10830000000000000000000000000000000000006D
:10831000000000000000000000000000000000005D
:10832000000000000000000000000000000000004D
:10833000000000000000000000000000000000003D
:10834000000000000000000000000000000000002D
:10835000000000000000000000000000000000001D
:10836000000000000000000000000000000000000D
:1083700000000000000000000000000000000000FD
:1083800000000000000000000000000000000000ED
:1083900000000000000000000000000000000000DD
:1083A00000000000000000000000000000000000CD
:1083B00000000000000000000000000000000000BD
:1083C00000000000000000000000000000000000AD
:1083D000000000000000000000000000000000009D
:1083E000000000000000000000000000000000008D
:1083F000000000000000000000000000000000007D
:10840000000000000000000000000000000000006C
:10841000000000000000000000000000000000005C
:10842000000000000000000000000000000000004C
:10843000000000000000000000000000000000003C
:10844000000000000000000000000000000000002C
:10845000000000000000000000000000000000001C
:10846000000000000000000000000000000000000C
:1084700000000000000000000000000000000000FC
:1084800000000000000000000000000000000000EC
:1084900000000000000000000000000000000000DC
:1084A00000000000000000000000000000000000CC
:1084B00000000000000000000000000000000000BC
:1084C00000000000000000000000000000000000AC
:1084D000000000000000000000000000000000009C
:1084E000000000000000000000000000000000008C
:1084F000000000000000000000000000000000007C
:10850000000000000000000000000000000000006B
:10851000000000000000000000000000000000005B
:10852000000000000000000000000000000000004B
:10853000000000000000000000000000000000003B
:10854000000000000000000000000000000000002B
:10855000000000000000000000000000000000001B
:10856000000000000000000000000000000000000B
:1085700000000000000000000000000000000000FB
:1085800000000000000000000000000000000000EB
:1085900000000000000000000000000000000000DB
:1085A00000000000000000000000000000000000CB
:1085B00000000000000000000000000000000000BB
:1085C00000000000000000000000000000000000AB
:1085D000000000000000000000000000000000009B
:1085E000000000000000000000000000000000008B
:1085F000000000000000000000000000000000007B
:10860000000000000000000000000000000000006A
:10861000000000000000000000000000000000005A
:10862000000000000000000000000000000000004A
:10863000000000000000000000000000000000003A
:10864000000000000000000000000000000000002A
:10865000000000000000000000000000000000001A
:10866000000000000000000000000000000000000A
:1086700000000000000000000000000000000000FA
:1086800000000000000000000000000000000000EA
:1086900000000000000000000000000000000000DA
:1086A00000000000000000000000000000000000CA
:1086B00000000000000000000000000000000000BA
:1086C00000000000000000000000000000000000AA
:1086D000000000000000000000000000000000009A
:1086E000000000000000000000000000000000008A
:1086F000000000000000000000000000000000007A
:108700000000000000000000000000000000000069
:108710000000000000000000000000000000000059
:108720000000000000000000000000000000000049
:108730000000000000000000000000000000000039
:108740000000000000000000000000000000000029
:108750000000000000000000000000000000000019
:108760000000000000000000000000000000000009
:1087700000000000000000000000000000000000F9
:1087800000000000000000000000000000000000E9
:1087900000000000000000000000000000000000D9
:1087A00000000000000000000000000000000000C9
:1087B00000000000000000000000000000000000B9
:1087C00000000000000000000000000000000000A9
:1087D0000000000000000000000000000000000099
:1087E0000000000000000000000000000000000089
:1087F0000000000000000000000000000000000079
:108800000000000000000000000000000000000068
:108810000000000000000000000000000000000058
:108820000000000000000000000000000000000048
:108830000000000000000000000000000000000038
:108840000000000000000000000000000000000028
:108850000000000000000000000000000000000018
:108860000000000000000000000000000000000008
:1088700000000000000000000000000000000000F8
:1088800000000000000000000000000000000000E8
:1088900000000000000000000000000000000000D8
:1088A00000000000000000000000000000000000C8
:1088B00000000000000000000000000000000000B8
:1088C00000000000000000000000000000000000A8
:1088D0000000000000000000000000000000000098
:1088E0000000000000000000000000000000000088
:1088F0000000000000000000000000000000000078
:108900000000000000000000000000000000000067
:108910000000000000000000000000000000000057
:108920000000000000000000000000000000000047
:108930000000000000000000000000000000000037
:108940000000000000000000000000000000000027
:108950000000000000000000000000000000000017
:108960000000000000000000000000000000000007
:1089700000000000000000000000000000000000F7
:1089800000000000000000000000000000000000E7
:1089900000000000000000000000000000000000D7
:1089A00000000000000000000000000000000000C7
:1089B00000000000000000000000000000000000B7
:1089C00000000000000000000000000000000000A7
:1089D0000000000000000000000000000000000097
:1089E0000000000000000000000000000000000087
:1089F0000000000000000000000000000000000077
:108A00000000000000000000000000000000000066
:108A10000000000000000000000000000000000056
:108A20000000000000000000000000000000000046
:108A30000000000000000000000000000000000036
:108A40000000000000000000000000000000000026
:108A50000000000000000000000000000000000016
:108A60000000000000000000000000000000000006
:108A700000000000000000000000000000000000F6
:108A800000000000000000000000000000000000E6
:108A900000000000000000000000000000000000D6
:108AA00000000000000000000000000000000000C6
:108AB00000000000000000000000000000000000B6
:108AC00000000000000000000000000000000000A6
:108AD0000000000000000000000000000000000096
:108AE0000000000000000000000000000000000086
:108AF0000000000000000000000000000000000076
:108B00000000000000000000000000000000000065
:108B10000000000000000000000000000000000055
:108B20000000000000000000000000000000000045
:108B30000000000000000000000000000000000035
:108B40000000000000000000000000000000000025
:108B50000000000000000000000000000000000015
:108B60000000000000000000000000000000000005
:108B700000000000000000000000000000000000F5
:108B800000000000000000000000000000000000E5
:108B900000000000000000000000000000000000D5
:108BA00000000000000000000000000000000000C5
:108BB00000000000000000000000000000000000B5
:108BC00000000000000000000000000000000000A5
:108BD0000000000000000000000000000000000095
:108BE0000000000000000000000000000000000085
:108BF0000000000000000000000000000000000075
:108C00000000000000000000000000000000000064
:108C10000000000000000000000000000000000054
:108C20000000000000000000000000000000000044
:108C30000000000000000000000000000000000034
:108C40000000000000000000000000000000000024
:108C50000000000000000000000000000000000014
:108C60000000000000000000000000000000000004
:108C700000000000000000000000000000000000F4
:108C800000000000000000000000000000000000E4
:108C900000000000000000000000000000000000D4
:108CA00000000000000000000000000000000000C4
:108CB00000000000000000000000000000000000B4
:108CC00000000000000000000000000000000000A4
:108CD0000000000000000000000000000000000094
:108CE0000000000000000000000000000000000084
:108CF0000000000000000000000000000000000074
:108D00000000000000000000000000000000000063
:108D10000000000000000000000000000000000053
:108D20000000000000000000000000000000000043
:108D30000000000000000000000000000000000033
:108D40000000000000000000000000000000000023
:108D50000000000000000000000000000000000013
:108D60000000000000000000000000000000000003
:108D700000000000000000000000000000000000F3
:108D800000000000000000000000000000000000E3
:108D900000000000000000000000000000000000D3
:108DA00000000000000000000000000000000000C3
:108DB00000000000000000000000000000000000B3
:108DC00000000000000000000000000000000000A3
:108DD0000000000000000000000000000000000093
:108DE0000000000000000000000000000000000083
:108DF0000000000000000000000000000000000073
:108E00000000000000000000000000000000000062
:108E10000000000000000000000000000000000052
:108E20000000000000000000000000000000000042
:108E30000000000000000000000000000000000032
:108E40000000000000000000000000000000000022
:108E50000000000000000000000000000000000012
:108E60000000000000000000000000000000000002
:108E700000000000000000000000000000000000F2
:108E800000000000000000000000000000000000E2
:108E900000000000000000000000000000000000D2
:108EA00000000000000000000000000000000000C2
:108EB00000000000000000000000000000000000B2
:108EC00000000000000000000000000000000000A2
:108ED0000000000000000000000000000000000092
:108EE0000000000000000000000000000000000082
:108EF0000000000000000000000000000000000072
:108F00000000000000000000000000000000000061
:108F10000000000000000000000000000000000051
:108F20000000000000000000000000000000000041
:108F30000000000000000000000000000000000031
:108F40000000000000000000000000000000000021
:108F50000000000000000000000000000000000011
:108F60000000000000000000000000000000000001
:108F700000000000000000000000000000000000F1
:108F800000000000000000000000000000000000E1
:108F900000000000000000000000000000000000D1
:108FA00000000000000000000000000000000000C1
:108FB00000000000000000000000000000000000B1
:108FC00000000000000000000000000000000000A1
:108FD0000000000000000000000000000000000091
:108FE0000000000000000000000000000000000081
:108FF0000000000000000000000000000000000071
:109000000000000000000000000000000000000060
:109010000000000000000000000000000000000050
:109020000000000000000000000000000000000040
:109030000000000000000000000000000000000030
:109040000000000000000000000000000000000020
:109050000000000000000000000000000000000010
:109060000000000000000000000000000000000000
:1090700000000000000000000000000000000000F0
:1090800000000000000000000000000000000000E0
:1090900000000000000000000000000000000000D0
:1090A00000000000000000000000000000000000C0
:1090B00000000000000000000000000000000000B0
:1090C00000000000000000000000000000000000A0
:1090D0000000000000000000000000000000000090
:1090E0000000000000000000000000000000000080
:1090F0000000000000000000000000000000000070
:10910000000000000000000000000000000000005F
:10911000000000000000000000000000000000004F
:10912000000000000000000000000000000000003F
:10913000000000000000000000000000000000002F
:10914000000000000000000000000000000000001F
:10915000000000000000000000000000000000000F
:1091600000000000000000000000000000000000FF
:1091700000000000000000000000000000000000EF
:1091800000000000000000000000000000000000DF
:1091900000000000000000000000000000000000CF
:1091A00000000000000000000000000000000000BF
:1091B00000000000000000000000000000000000AF
:1091C000000000000000000000000000000000009F
:1091D000000000000000000000000000000000008F
:1091E000000000000000000000000000000000007F
:1091F000000000000000000000000000000000006F
:10920000000000000000000000000000000000005E
:10921000000000000000000000000000000000004E
:10922000000000000000000000000000000000003E
:10923000000000000000000000000000000000002E
:10924000000000000000000000000000000000001E
:10925000000000000000000000000000000000000E
:1092600000000000000000000000000000000000FE
:1092700000000000000000000000000000000000EE
:1092800000000000000000000000000000000000DE
:1092900000000000000000000000000000000000CE
:1092A00000000000000000000000000000000000BE
:1092B00000000000000000000000000000000000AE
:1092C000000000000000000000000000000000009E
:1092D000000000000000000000000000000000008E
:1092E000000000000000000000000000000000007E
:1092F000000000000000000000000000000000006E
:10930000000000000000000000000000000000005D
:10931000000000000000000000000000000000004D
:10932000000000000000000000000000000000003D
:10933000000000000000000000000000000000002D
:10934000000000000000000000000000000000001D
:10935000000000000000000000000000000000000D
:1093600000000000000000000000000000000000FD
:1093700000000000000000000000000000000000ED
:1093800000000000000000000000000000000000DD
:1093900000000000000000000000000000000000CD
:1093A00000000000000000000000000000000000BD
:1093B00000000000000000000000000000000000AD
:1093C000000000000000000000000000000000009D
:1093D000000000000000000000000000000000008D
:1093E000000000000000000000000000000000007D
:1093F000000000000000000000000000000000006D
:10940000000000000000000000000000000000005C
:10941000000000000000000000000000000000004C
:10942000000000000000000000000000000000003C
:10943000000000000000000000000000000000002C
:10944000000000000000000000000000000000001C
:10945000000000000000000000000000000000000C
:1094600000000000000000000000000000000000FC
:1094700000000000000000000000000000000000EC
:1094800000000000000000000000000000000000DC
:1094900000000000000000000000000000000000CC
:1094A00000000000000000000000000000000000BC
:1094B00000000000000000000000000000000000AC
:1094C000000000000000000000000000000000009C
:1094D000000000000000000000000000000000008C
:1094E000000000000000000000000000000000007C
:1094F000000000000000000000000000000000006C
:10950000000000000000000000000000000000005B
:10951000000000000000000000000000000000004B
:10952000000000000000000000000000000000003B
:10953000000000000000000000000000000000002B
:10954000000000000000000000000000000000001B
:10955000000000000000000000000000000000000B
:1095600000000000000000000000000000000000FB
:1095700000000000000000000000000000000000EB
:1095800000000000000000000000000000000000DB
:1095900000000000000000000000000000000000CB
:1095A00000000000000000000000000000000000BB
:1095B00000000000000000000000000000000000AB
:1095C000000000000000000000000000000000009B
:1095D000000000000000000000000000000000008B
:1095E000000000000000000000000000000000007B
:1095F000000000000000000000000000000000006B
:10960000000000000000000000000000000000005A
:10961000000000000000000000000000000000004A
:10962000000000000000000000000000000000003A
:10963000000000000000000000000000000000002A
:10964000000000000000000000000000000000001A
:10965000000000000000000000000000000000000A
:1096600000000000000000000000000000000000FA
:1096700000000000000000000000000000000000EA
:1096800000000000000000000000000000000000DA
:1096900000000000000000000000000000000000CA
:1096A00000000000000000000000000000000000BA
:1096B00000000000000000000000000000000000AA
:1096C000000000000000000000000000000000009A
:1096D000000000000000000000000000000000008A
:1096E000000000000000000000000000000000007A
:1096F000000000000000000000000000000000006A
:109700000000000000000000000000000000000059
:109710000000000000000000000000000000000049
:109720000000000000000000000000000000000039
:109730000000000000000000000000000000000029
:109740000000000000000000000000000000000019
:109750000000000000000000000000000000000009
:1097600000000000000000000000000000000000F9
:1097700000000000000000000000000000000000E9
:1097800000000000000000000000000000000000D9
:1097900000000000000000000000000000000000C9
:1097A00000000000000000000000000000000000B9
:1097B00000000000000000000000000000000000A9
:1097C0000000000000000000000000000000000099
:1097D0000000000000000000000000000000000089
:1097E0000000000000000000000000000000000079
:1097F0000000000000000000000000000000000069
:109800000000000000000000000000000000000058
:109810000000000000000000000000000000000048
:109820000000000000000000000000000000000038
:109830000000000000000000000000000000000028
:109840000000000000000000000000000000000018
:109850000000000000000000000000000000000008
:1098600000000000000000000000000000000000F8
:1098700000000000000000000000000000000000E8
:1098800000000000000000000000000000000000D8
:1098900000000000000000000000000000000000C8
:1098A00000000000000000000000000000000000B8
:1098B00000000000000000000000000000000000A8
:1098C0000000000000000000000000000000000098
:1098D0000000000000000000000000000000000088
:1098E0000000000000000000000000000000000078
:1098F0000000000000000000000000000000000068
:109900000000000000000000000000000000000057
:109910000000000000000000000000000000000047
:109920000000000000000000000000000000000037
:109930000000000000000000000000000000000027
:109940000000000000000000000000000000000017
:109950000000000000000000000000000000000007
:1099600000000000000000000000000000000000F7
:1099700000000000000000000000000000000000E7
:1099800000000000000000000000000000000000D7
:1099900000000000000000000000000000000000C7
:1099A00000000000000000000000000000000000B7
:1099B00000000000000000000000000000000000A7
:1099C0000000000000000000000000000000000097
:1099D0000000000000000000000000000000000087
:1099E0000000000000000000000000000000000077
:1099F0000000000000000000000000000000000067
:109A00000000000000000000000000000000000056
:109A10000000000000000000000000000000000046
:109A20000000000000000000000000000000000036
:109A30000000000000000000000000000000000026
:109A40000000000000000000000000000000000016
:109A50000000000000000000000000000000000006
:109A600000000000000000000000000000000000F6
:109A700000000000000000000000000000000000E6
:109A800000000000000000000000000000000000D6
:109A900000000000000000000000000000000000C6
:109AA00000000000000000000000000000000000B6
:109AB00000000000000000000000000000000000A6
:109AC0000000000000000000000000000000000096
:109AD0000000000000000000000000000000000086
:109AE0000000000000000000000000000000000076
:109AF0000000000000000000000000000000000066
:109B00000000000000000000000000000000000055
:109B10000000000000000000000000000000000045
:109B20000000000000000000000000000000000035
:109B30000000000000000000000000000000000025
:109B40000000000000000000000000000000000015
:109B50000000000000000000000000000000000005
:109B600000000000000000000000000000000000F5
:109B700000000000000000000000000000000000E5
:109B800000000000000000000000000000000000D5
:109B900000000000000000000000000000000000C5
:109BA00000000000000000000000000000000000B5
:109BB00000000000000000000000000000000000A5
:109BC0000000000000000000000000000000000095
:109BD0000000000000000000000000000000000085
:109BE0000000000000000000000000000000000075
:109BF0000000000000000000000000000000000065
:109C00000000000000000000000000000000000054
:109C10000000000000000000000000000000000044
:109C20000000000000000000000000000000000034
:109C30000000000000000000000000000000000024
:109C40000000000000000000000000000000000014
:109C50000000000000000000000000000000000004
:109C600000000000000000000000000000000000F4
:109C700000000000000000000000000000000000E4
:109C800000000000000000000000000000000000D4
:109C900000000000000000000000000000000000C4
:109CA00000000000000000000000000000000000B4
:109CB00000000000000000000000000000000000A4
:109CC0000000000000000000000000000000000094
:109CD0000000000000000000000000000000000084
:109CE0000000000000000000000000000000000074
:109CF0000000000000000000000000000000000064
:109D00000000000000000000000000000000000053
:109D10000000000000000000000000000000000043
:109D20000000000000000000000000000000000033
:109D30000000000000000000000000000000000023
:109D40000000000000000000000000000000000013
:109D50000000000000000000000000000000000003
:109D600000000000000000000000000000000000F3
:109D700000000000000000000000000000000000E3
:109D800000000000000000000000000000000000D3
:109D900000000000000000000000000000000000C3
:109DA00000000000000000000000000000000000B3
:109DB00000000000000000000000000000000000A3
:109DC0000000000000000000000000000000000093
:109DD0000000000000000000000000000000000083
:109DE0000000000000000000000000000000000073
:109DF0000000000000000000000000000000000063
:109E00000000000000000000000000000000000052
:109E10000000000000000000000000000000000042
:109E20000000000000000000000000000000000032
:109E30000000000000000000000000000000000022
:109E40000000000000000000000000000000000012
:109E50000000000000000000000000000000000002
:109E600000000000000000000000000000000000F2
:109E700000000000000000000000000000000000E2
:109E800000000000000000000000000000000000D2
:109E900000000000000000000000000000000000C2
:109EA00000000000000000000000000000000000B2
:109EB00000000000000000000000000000000000A2
:109EC0000000000000000000000000000000000092
:109ED0000000000000000000000000000000000082
:109EE0000000000000000000000000000000000072
:109EF0000000000000000000000000000000000062
:109F00000000000000000000000000000000000051
:109F10000000000000000000000000000000000041
:109F20000000000000000000000000000000000031
:109F30000000000000000000000000000000000021
:109F40000000000000000000000000000000000011
:109F50000000000000000000000000000000000001
:109F600000000000000000000000000000000000F1
:109F700000000000000000000000000000000000E1
:109F800000000000000000000000000000000000D1
:109F900000000000000000000000000000000000C1
:109FA00000000000000000000000000000000000B1
:109FB00000000000000000000000000000000000A1
:109FC0000000000000000000000000000000000091
:109FD0000000000000000000000000000000000081
:109FE0000000000000000000000000000000000071
:109FF0000000000000000000000000000000000061
:10A000000000000000000000000000000000000050
:10A010000000000000000000000000000000000040
:10A020000000000000000000000000000000000030
:10A030000000000000000000000000000000000020
:10A040000000000000000000000000000000000010
:10A050000000000000000000000000000000000000
:10A0600000000000000000000000000000000000F0
:10A0700000000000000000000000000000000000E0
:10A0800000000000000000000000000000000000D0
:10A0900000000000000000000000000000000000C0
:10A0A00000000000000000000000000000000000B0
:10A0B00000000000000000000000000000000000A0
:10A0C0000000000000000000000000000000000090
:10A0D0000000000000000000000000000000000080
:10A0E0000000000000000000000000000000000070
:10A0F0000000000000000000000000000000000060
:10A10000000000000000000000000000000000004F
:10A11000000000000000000000000000000000003F
:10A12000000000000000000000000000000000002F
:10A13000000000000000000000000000000000001F
:10A14000000000000000000000000000000000000F
:10A1500000000000000000000000000000000000FF
:10A1600000000000000000000000000000000000EF
:10A1700000000000000000000000000000000000DF
:10A1800000000000000000000000000000000000CF
:10A1900000000000000000000000000000000000BF
:10A1A00000000000000000000000000000000000AF
:10A1B000000000000000000000000000000000009F
:10A1C000000000000000000000000000000000008F
:10A1D000000000000000000000000000000000007F
:10A1E000000000000000000000000000000000006F
:10A1F000000000000000000000000000000000005F
:10A20000000000000000000000000000000000004E
:10A21000000000000000000000000000000000003E
:10A22000000000000000000000000000000000002E
:10A23000000000000000000000000000000000001E
:10A24000000000000000000000000000000000000E
:10A2500000000000000000000000000000000000FE
:10A2600000000000000000000000000000000000EE
:10A2700000000000000000000000000000000000DE
:10A2800000000000000000000000000000000000CE
:10A2900000000000000000000000000000000000BE
:10A2A00000000000000000000000000000000000AE
:10A2B000000000000000000000000000000000009E
:10A2C000000000000000000000000000000000008E
:10A2D000000000000000000000000000000000007E
:10A2E000000000000000000000000000000000006E
:10A2F000000000000000000000000000000000005E
:10A30000000000000000000000000000000000004D
:10A31000000000000000000000000000000000003D
:10A32000000000000000000000000000000000002D
:10A33000000000000000000000000000000000001D
:10A34000000000000000000000000000000000000D
:10A3500000000000000000000000000000000000FD
:10A3600000000000000000000000000000000000ED
:10A3700000000000000000000000000000000000DD
:10A3800000000000000000000000000000000000CD
:10A3900000000000000000000000000000000000BD
:10A3A00000000000000000000000000000000000AD
:10A3B000000000000000000000000000000000009D
:10A3C000000000000000000000000000000000008D
:10A3D000000000000000000000000000000000007D
:10A3E000000000000000000000000000000000006D
:10A3F000000000000000000000000000000000005D
:10A40000000000000000000000000000000000004C
:10A41000000000000000000000000000000000003C
:10A42000000000000000000000000000000000002C
:10A43000000000000000000000000000000000001C
:10A44000000000000000000000000000000000000C
:10A4500000000000000000000000000000000000FC
:10A4600000000000000000000000000000000000EC
:10A4700000000000000000000000000000000000DC
:10A4800000000000000000000000000000000000CC
:10A4900000000000000000000000000000000000BC
:10A4A00000000000000000000000000000000000AC
:10A4B000000000000000000000000000000000009C
:10A4C000000000000000000000000000000000008C
:10A4D000000000000000000000000000000000007C
:10A4E000000000000000000000000000000000006C
:10A4F000000000000000000000000000000000005C
:10A50000000000000000000000000000000000004B
:10A51000000000000000000000000000000000003B
:10A52000000000000000000000000000000000002B
:10A53000000000000000000000000000000000001B
:10A54000000000000000000000000000000000000B
:10A5500000000000000000000000000000000000FB
:10A5600000000000000000000000000000000000EB
:10A5700000000000000000000000000000000000DB
:10A5800000000000000000000000000000000000CB
:10A5900000000000000000000000000000000000BB
:10A5A00000000000000000000000000000000000AB
:10A5B000000000000000000000000000000000009B
:10A5C000000000000000000000000000000000008B
:10A5D000000000000000000000000000000000007B
:10A5E000000000000000000000000000000000006B
:10A5F000000000000000000000000000000000005B
:10A60000000000000000000000000000000000004A
:10A61000000000000000000000000000000000003A
:10A62000000000000000000000000000000000002A
:10A63000000000000000000000000000000000001A
:10A64000000000000000000000000000000000000A
:10A6500000000000000000000000000000000000FA
:10A6600000000000000000000000000000000000EA
:10A6700000000000000000000000000000000000DA
:10A6800000000000000000000000000000000000CA
:10A6900000000000000000000000000000000000BA
:10A6A00000000000000000000000000000000000AA
:10A6B000000000000000000000000000000000009A
:10A6C000000000000000000000000000000000008A
:10A6D000000000000000000000000000000000007A
:10A6E000000000000000000000000000000000006A
:10A6F000000000000000000000000000000000005A
:10A700000000000000000000000000000000000049
:10A710000000000000000000000000000000000039
:10A720000000000000000000000000000000000029
:10A730000000000000000000000000000000000019
:10A740000000000000000000000000000000000009
:10A7500000000000000000000000000000000000F9
:10A7600000000000000000000000000000000000E9
:10A7700000000000000000000000000000000000D9
:10A7800000000000000000000000000000000000C9
:10A7900000000000000000000000000000000000B9
:10A7A00000000000000000000000000000000000A9
:10A7B0000000000000000000000000000000000099
:10A7C0000000000000000000000000000000000089
:10A7D0000000000000000000000000000000000079
:10A7E0000000000000000000000000000000000069
:10A7F0000000000000000000000000000000000059
:10A800000000000000000000000000000000000048
:10A810000000000000000000000000000000000038
:10A820000000000000000000000000000000000028
:10A830000000000000000000000000000000000018
:10A840000000000000000000000000000000000008
:10A8500000000000000000000000000000000000F8
:10A8600000000000000000000000000000000000E8
:10A8700000000000000000000000000000000000D8
:10A8800000000000000000000000000000000000C8
:10A8900000000000000000000000000000000000B8
:10A8A00000000000000000000000000000000000A8
:10A8B0000000000000000000000000000000000098
:10A8C0000000000000000000000000000000000088
:10A8D0000000000000000000000000000000000078
:10A8E0000000000000000000000000000000000068
:10A8F0000000000000000000000000000000000058
:10A900000000000000000000000000000000000047
:10A910000000000000000000000000000000000037
:10A920000000000000000000000000000000000027
:10A930000000000000000000000000000000000017
:10A940000000000000000000000000000000000007
:10A9500000000000000000000000000000000000F7
:10A9600000000000000000000000000000000000E7
:10A9700000000000000000000000000000000000D7
:10A9800000000000000000000000000000000000C7
:10A9900000000000000000000000000000000000B7
:10A9A00000000000000000000000000000000000A7
:10A9B0000000000000000000000000000000000097
:10A9C0000000000000000000000000000000000087
:10A9D0000000000000000000000000000000000077
:10A9E0000000000000000000000000000000000067
:10A9F0000000000000000000000000000000000057
:10AA00000000000000000000000000000000000046
:10AA10000000000000000000000000000000000036
:10AA20000000000000000000000000000000000026
:10AA30000000000000000000000000000000000016
:10AA40000000000000000000000000000000000006
:10AA500000000000000000000000000000000000F6
:10AA600000000000000000000000000000000000E6
:10AA700000000000000000000000000000000000D6
:10AA800000000000000000000000000000000000C6
:10AA900000000000000000000000000000000000B6
:10AAA00000000000000000000000000000000000A6
:10AAB0000000000000000000000000000000000096
:10AAC0000000000000000000000000000000000086
:10AAD0000000000000000000000000000000000076
:10AAE0000000000000000000000000000000000066
:10AAF0000000000000000000000000000000000056
:10AB00000000000000000000000000000000000045
:10AB10000000000000000000000000000000000035
:10AB20000000000000000000000000000000000025
:10AB30000000000000000000000000000000000015
:10AB40000000000000000000000000000000000005
:10AB500000000000000000000000000000000000F5
:10AB600000000000000000000000000000000000E5
:10AB700000000000000000000000000000000000D5
:10AB800000000000000000000000000000000000C5
:10AB900000000000000000000000000000000000B5
:10ABA00000000000000000000000000000000000A5
:10ABB0000000000000000000000000000000000095
:10ABC0000000000000000000000000000000000085
:10ABD0000000000000000000000000000000000075
:10ABE0000000000000000000000000000000000065
:10ABF0000000000000000000000000000000000055
:10AC00000000000000000000000000000000000044
:10AC10000000000000000000000000000000000034
:10AC20000000000000000000000000000000000024
:10AC30000000000000000000000000000000000014
:10AC40000000000000000000000000000000000004
:10AC500000000000000000000000000000000000F4
:10AC600000000000000000000000000000000000E4
:10AC700000000000000000000000000000000000D4
:10AC800000000000000000000000000000000000C4
:10AC900000000000000000000000000000000000B4
:10ACA00000000000000000000000000000000000A4
:10ACB0000000000000000000000000000000000094
:10ACC0000000000000000000000000000000000084
:10ACD0000000000000000000000000000000000074
:10ACE0000000000000000000000000000000000064
:10ACF0000000000000000000000000000000000054
:10AD00000000000000000000000000000000000043
:10AD10000000000000000000000000000000000033
:10AD20000000000000000000000000000000000023
:10AD30000000000000000000000000000000000013
:10AD40000000000000000000000000000000000003
:10AD500000000000000000000000000000000000F3
:10AD600000000000000000000000000000000000E3
:10AD700000000000000000000000000000000000D3
:10AD800000000000000000000000000000000000C3
:10AD900000000000000000000000000000000000B3
:10ADA00000000000000000000000000000000000A3
:10ADB0000000000000000000000000000000000093
:10ADC0000000000000000000000000000000000083
:10ADD0000000000000000000000000000000000073
:10ADE0000000000000000000000000000000000063
:10ADF0000000000000000000000000000000000053
:10AE00000000000000000000000000000000000042
:10AE10000000000000000000000000000000000032
:10AE20000000000000000000000000000000000022
:10AE30000000000000000000000000000000000012
:10AE40000000000000000000000000000000000002
:10AE500000000000000000000000000000000000F2
:10AE600000000000000000000000000000000000E2
:10AE700000000000000000000000000000000000D2
:10AE800000000000000000000000000000000000C2
:10AE900000000000000000000000000000000000B2
:10AEA00000000000000000000000000000000000A2
:10AEB0000000000000000000000000000000000092
:10AEC0000000000000000000000000000000000082
:10AED0000000000000000000000000000000000072
:10AEE0000000000000000000000000000000000062
:10AEF0000000000000000000000000000000000052
:10AF00000000000000000000000000000000000041
:10AF10000000000000000000000000000000000031
:10AF20000000000000000000000000000000000021
:10AF30000000000000000000000000000000000011
:10AF40000000000000000000000000000000000001
:10AF500000000000000000000000000000000000F1
:10AF600000000000000000000000000000000000E1
:10AF700000000000000000000000000000000000D1
:10AF800000000000000000000000000000000000C1
:10AF900000000000000000000000000000000000B1
:10AFA00000000000000000000000000000000000A1
:10AFB0000000000000000000000000000000000091
:10AFC0000000000000000000000000000000000081
:10AFD0000000000000000000000000000000000071
:10AFE0000000000000000000000000000000000061
:10AFF0000000000000000000000000000000000051
:10B000000000000000000000000000000000000040
:10B010000000000000000000000000000000000030
:10B020000000000000000000000000000000000020
:10B030000000000000000000000000000000000010
:10B040000000000000000000000000000000000000
:10B0500000000000000000000000000000000000F0
:10B0600000000000000000000000000000000000E0
:10B0700000000000000000000000000000000000D0
:10B0800000000000000000000000000000000000C0
:10B0900000000000000000000000000000000000B0
:10B0A00000000000000000000000000000000000A0
:10B0B0000000000000000000000000000000000090
:10B0C0000000000000000000000000000000000080
:10B0D0000000000000000000000000000000000070
:10B0E0000000000000000000000000000000000060
:10B0F0000000000000000000000000000000000050
:10B10000000000000000000000000000000000003F
:10B11000000000000000000000000000000000002F
:10B12000000000000000000000000000000000001F
:10B13000000000000000000000000000000000000F
:10B1400000000000000000000000000000000000FF
:10B1500000000000000000000000000000000000EF
:10B1600000000000000000000000000000000000DF
:10B1700000000000000000000000000000000000CF
:10B1800000000000000000000000000000000000BF
:10B1900000000000000000000000000000000000AF
:10B1A000000000000000000000000000000000009F
:10B1B000000000000000000000000000000000008F
:10B1C000000000000000000000000000000000007F
:10B1D000000000000000000000000000000000006F
:10B1E000000000000000000000000000000000005F
:10B1F000000000000000000000000000000000004F
:10B20000000000000000000000000000000000003E
:10B21000000000000000000000000000000000002E
:10B22000000000000000000000000000000000001E
:10B23000000000000000000000000000000000000E
:10B2400000000000000000000000000000000000FE
:10B2500000000000000000000000000000000000EE
:10B2600000000000000000000000000000000000DE
:10B2700000000000000000000000000000000000CE
:10B2800000000000000000000000000000000000BE
:10B2900000000000000000000000000000000000AE
:10B2A000000000000000000000000000000000009E
:10B2B000000000000000000000000000000000008E
:10B2C000000000000000000000000000000000007E
:10B2D000000000000000000000000000000000006E
:10B2E000000000000000000000000000000000005E
:10B2F000000000000000000000000000000000004E
:10B30000000000000000000000000000000000003D
:10B31000000000000000000000000000000000002D
:10B32000000000000000000000000000000000001D
:10B33000000000000000000000000000000000000D
:10B3400000000000000000000000000000000000FD
:10B3500000000000000000000000000000000000ED
:10B3600000000000000000000000000000000000DD
:10B3700000000000000000000000000000000000CD
:10B3800000000000000000000000000000000000BD
:10B3900000000000000000000000000000000000AD
:10B3A000000000000000000000000000000000009D
:10B3B000000000000000000000000000000000008D
:10B3C000000000000000000000000000000000007D
:10B3D000000000000000000000000000000000006D
:10B3E000000000000000000000000000000000005D
:10B3F000000000000000000000000000000000004D
:10B40000000000000000000000000000000000003C
:10B41000000000000000000000000000000000002C
:10B42000000000000000000000000000000000001C
:10B43000000000000000000000000000000000000C
:10B4400000000000000000000000000000000000FC
:10B4500000000000000000000000000000000000EC
:10B4600000000000000000000000000000000000DC
:10B4700000000000000000000000000000000000CC
:10B4800000000000000000000000000000000000BC
:10B4900000000000000000000000000000000000AC
:10B4A000000000000000000000000000000000009C
:10B4B000000000000000000000000000000000008C
:10B4C000000000000000000000000000000000007C
:10B4D000000000000000000000000000000000006C
:10B4E000000000000000000000000000000000005C
:10B4F000000000000000000000000000000000004C
:10B50000000000000000000000000000000000003B
:10B51000000000000000000000000000000000002B
:10B52000000000000000000000000000000000001B
:10B53000000000000000000000000000000000000B
:10B5400000000000000000000000000000000000FB
:10B5500000000000000000000000000000000000EB
:10B5600000000000000000000000000000000000DB
:10B5700000000000000000000000000000000000CB
:10B5800000000000000000000000000000000000BB
:10B5900000000000000000000000000000000000AB
:10B5A000000000000000000000000000000000009B
:10B5B000000000000000000000000000000000008B
:10B5C000000000000000000000000000000000007B
:10B5D000000000000000000000000000000000006B
:10B5E000000000000000000000000000000000005B
:10B5F000000000000000000000000000000000004B
:10B60000000000000000000000000000000000003A
:10B61000000000000000000000000000000000002A
:10B62000000000000000000000000000000000001A
:10B63000000000000000000000000000000000000A
:10B6400000000000000000000000000000000000FA
:10B6500000000000000000000000000000000000EA
:10B6600000000000000000000000000000000000DA
:10B6700000000000000000000000000000000000CA
:10B6800000000000000000000000000000000000BA
:10B6900000000000000000000000000000000000AA
:10B6A000000000000000000000000000000000009A
:10B6B000000000000000000000000000000000008A
:10B6C000000000000000000000000000000000007A
:10B6D000000000000000000000000000000000006A
:10B6E000000000000000000000000000000000005A
:10B6F000000000000000000000000000000000004A
:10B700000000000000000000000000000000000039
:10B710000000000000000000000000000000000029
:10B720000000000000000000000000000000000019
:10B730000000000000000000000000000000000009
:10B7400000000000000000000000000000000000F9
:10B7500000000000000000000000000000000000E9
:10B7600000000000000000000000000000000000D9
:10B7700000000000000000000000000000000000C9
:10B7800000000000000000000000000000000000B9
:10B7900000000000000000000000000000000000A9
:10B7A0000000000000000000000000000000000099
:10B7B0000000000000000000000000000000000089
:10B7C0000000000000000000000000000000000079
:10B7D0000000000000000000000000000000000069
:10B7E0000000000000000000000000000000000059
:10B7F0000000000000000000000000000000000049
:10B800000000000000000000000000000000000038
:10B810000000000000000000000000000000000028
:10B820000000000000000000000000000000000018
:10B830000000000000000000000000000000000008
:10B8400000000000000000000000000000000000F8
:10B8500000000000000000000000000000000000E8
:10B8600000000000000000000000000000000000D8
:10B8700000000000000000000000000000000000C8
:10B8800000000000000000000000000000000000B8
:10B8900000000000000000000000000000000000A8
:10B8A0000000000000000000000000000000000098
:10B8B0000000000000000000000000000000000088
:10B8C0000000000000000000000000000000000078
:10B8D0000000000000000000000000000000000068
:10B8E0000000000000000000000000000000000058
:10B8F0000000000000000000000000000000000048
:10B900000000000000000000000000000000000037
:10B910000000000000000000000000000000000027
:10B920000000000000000000000000000000000017
:10B930000000000000000000000000000000000007
:10B9400000000000000000000000000000000000F7
:10B9500000000000000000000000000000000000E7
:10B9600000000000000000000000000000000000D7
:10B9700000000000000000000000000000000000C7
:10B9800000000000000000000000000000000000B7
:10B9900000000000000000000000000000000000A7
:10B9A0000000000000000000000000000000000097
:10B9B0000000000000000000000000000000000087
:10B9C0000000000000000000000000000000000077
:10B9D0000000000000000000000000000000000067
:10B9E0000000000000000000000000000000000057
:10B9F0000000000000000000000000000000000047
:10BA00000000000000000000000000000000000036
:10BA10000000000000000000000000000000000026
:10BA20000000000000000000000000000000000016
:10BA30000000000000000000000000000000000006
:10BA400000000000000000000000000000000000F6
:10BA500000000000000000000000000000000000E6
:10BA600000000000000000000000000000000000D6
:10BA700000000000000000000000000000000000C6
:10BA800000000000000000000000000000000000B6
:10BA900000000000000000000000000000000000A6
:10BAA0000000000000000000000000000000000096
:10BAB0000000000000000000000000000000000086
:10BAC0000000000000000000000000000000000076
:10BAD0000000000000000000000000000000000066
:10BAE0000000000000000000000000000000000056
:10BAF0000000000000000000000000000000000046
:10BB00000000000000000000000000000000000035
:10BB10000000000000000000000000000000000025
:10BB20000000000000000000000000000000000015
:10BB30000000000000000000000000000000000005
:10BB400000000000000000000000000000000000F5
:10BB500000000000000000000000000000000000E5
:10BB600000000000000000000000000000000000D5
:10BB700000000000000000000000000000000000C5
:10BB800000000000000000000000000000000000B5
:10BB900000000000000000000000000000000000A5
:10BBA0000000000000000000000000000000000095
:10BBB0000000000000000000000000000000000085
:10BBC0000000000000000000000000000000000075
:10BBD0000000000000000000000000000000000065
:10BBE0000000000000000000000000000000000055
:10BBF0000000000000000000000000000000000045
:10BC00000000000000000000000000000000000034
:10BC10000000000000000000000000000000000024
:10BC20000000000000000000000000000000000014
:10BC30000000000000000000000000000000000004
:10BC400000000000000000000000000000000000F4
:10BC500000000000000000000000000000000000E4
:10BC600000000000000000000000000000000000D4
:10BC700000000000000000000000000000000000C4
:10BC800000000000000000000000000000000000B4
:10BC900000000000000000000000000000000000A4
:10BCA0000000000000000000000000000000000094
:10BCB0000000000000000000000000000000000084
:10BCC0000000000000000000000000000000000074
:10BCD0000000000000000000000000000000000064
:10BCE0000000000000000000000000000000000054
:10BCF0000000000000000000000000000000000044
:10BD00000000000000000000000000000000000033
:10BD10000000000000000000000000000000000023
:10BD20000000000000000000000000000000000013
:10BD30000000000000000000000000000000000003
:10BD400000000000000000000000000000000000F3
:10BD500000000000000000000000000000000000E3
:10BD600000000000000000000000000000000000D3
:10BD700000000000000000000000000000000000C3
:10BD800000000000000000000000000000000000B3
:10BD900000000000000000000000000000000000A3
:10BDA0000000000000000000000000000000000093
:10BDB0000000000000000000000000000000000083
:10BDC0000000000000000000000000000000000073
:10BDD0000000000000000000000000000000000063
:10BDE0000000000000000000000000000000000053
:10BDF0000000000000000000000000000000000043
:10BE00000000000000000000000000000000000032
:10BE10000000000000000000000000000000000022
:10BE20000000000000000000000000000000000012
:10BE30000000000000000000000000000000000002
:10BE400000000000000000000000000000000000F2
:10BE500000000000000000000000000000000000E2
:10BE600000000000000000000000000000000000D2
:10BE700000000000000000000000000000000000C2
:10BE800000000000000000000000000000000000B2
:10BE900000000000000000000000000000000000A2
:10BEA0000000000000000000000000000000000092
:10BEB0000000000000000000000000000000000082
:10BEC0000000000000000000000000000000000072
:10BED0000000000000000000000000000000000062
:10BEE0000000000000000000000000000000000052
:10BEF0000000000000000000000000000000000042
:10BF00000000000000000000000000000000000031
:10BF10000000000000000000000000000000000021
:10BF20000000000000000000000000000000000011
:10BF30000000000000000000000000000000000001
:10BF400000000000000000000000000000000000F1
:10BF500000000000000000000000000000000000E1
:10BF600000000000000000000000000000000000D1
:10BF700000000000000000000000000000000000C1
:10BF800000000000000000000000000000000000B1
:10BF900000000000000000000000000000000000A1
:10BFA0000000000000000000000000000000000091
:10BFB0000000000000000000000000000000000081
:10BFC0000000000000000000000000000000000071
:10BFD0000000000000000000000000000000000061
:10BFE0000000000000000000000000000000000051
:10BFF0000000000000000000000000000000000041
:10C000000000000000000000000000000000000030
:10C010000000000000000000000000000000000020
:10C020000000000000000000000000000000000010
:10C030000000000000000000000000000000000000
:10C0400000000000000000000000000000000000F0
:10C0500000000000000000000000000000000000E0
:10C0600000000000000000000000000000000000D0
:10C0700000000000000000000000000000000000C0
:10C0800000000000000000000000000000000000B0
:10C0900000000000000000000000000000000000A0
:10C0A0000000000000000000000000000000000090
:10C0B0000000000000000000000000000000000080
:10C0C0000000000000000000000000000000000070
:10C0D0000000000000000000000000000000000060
:10C0E0000000000000000000000000000000000050
:10C0F0000000000000000000000000000000000040
:10C10000000000000000000000000000000000002F
:10C11000000000000000000000000000000000001F
:10C12000000000000000000000000000000000000F
:10C1300000000000000000000000000000000000FF
:10C1400000000000000000000000000000000000EF
:10C1500000000000000000000000000000000000DF
:10C1600000000000000000000000000000000000CF
:10C1700000000000000000000000000000000000BF
:10C1800000000000000000000000000000000000AF
:10C19000000000000000000000000000000000009F
:10C1A000000000000000000000000000000000008F
:10C1B000000000000000000000000000000000007F
:10C1C000000000000000000000000000000000006F
:10C1D000000000000000000000000000000000005F
:10C1E000000000000000000000000000000000004F
:10C1F000000000000000000000000000000000003F
:10C20000000000000000000000000000000000002E
:10C21000000000000000000000000000000000001E
:10C22000000000000000000000000000000000000E
:10C2300000000000000000000000000000000000FE
:10C2400000000000000000000000000000000000EE
:10C2500000000000000000000000000000000000DE
:10C2600000000000000000000000000000000000CE
:10C2700000000000000000000000000000000000BE
:10C2800000000000000000000000000000000000AE
:10C29000000000000000000000000000000000009E
:10C2A000000000000000000000000000000000008E
:10C2B000000000000000000000000000000000007E
:10C2C000000000000000000000000000000000006E
:10C2D000000000000000000000000000000000005E
:10C2E000000000000000000000000000000000004E
:10C2F000000000000000000000000000000000003E
:10C30000000000000000000000000000000000002D
:10C31000000000000000000000000000000000001D
:10C32000000000000000000000000000000000000D
:10C3300000000000000000000000000000000000FD
:10C3400000000000000000000000000000000000ED
:10C3500000000000000000000000000000000000DD
:10C3600000000000000000000000000000000000CD
:10C3700000000000000000000000000000000000BD
:10C3800000000000000000000000000000000000AD
:10C39000000000000000000000000000000000009D
:10C3A000000000000000000000000000000000008D
:10C3B000000000000000000000000000000000007D
:10C3C000000000000000000000000000000000006D
:10C3D000000000000000000000000000000000005D
:10C3E000000000000000000000000000000000004D
:10C3F000000000000000000000000000000000003D
:10C40000000000000000000000000000000000002C
:10C41000000000000000000000000000000000001C
:10C42000000000000000000000000000000000000C
:10C4300000000000000000000000000000000000FC
:10C4400000000000000000000000000000000000EC
:10C4500000000000000000000000000000000000DC
:10C4600000000000000000000000000000000000CC
:10C4700000000000000000000000000000000000BC
:10C4800000000000000000000000000000000000AC
:10C49000000000000000000000000000000000009C
:10C4A000000000000000000000000000000000008C
:10C4B000000000000000000000000000000000007C
:10C4C000000000000000000000000000000000006C
:10C4D000000000000000000000000000000000005C
:10C4E000000000000000000000000000000000004C
:10C4F000000000000000000000000000000000003C
:10C50000000000000000000000000000000000002B
:10C51000000000000000000000000000000000001B
:10C52000000000000000000000000000000000000B
:10C5300000000000000000000000000000000000FB
:10C5400000000000000000000000000000000000EB
:10C5500000000000000000000000000000000000DB
:10C5600000000000000000000000000000000000CB
:10C5700000000000000000000000000000000000BB
:10C5800000000000000000000000000000000000AB
:10C59000000000000000000000000000000000009B
:10C5A000000000000000000000000000000000008B
:10C5B000000000000000000000000000000000007B
:10C5C000000000000000000000000000000000006B
:10C5D000000000000000000000000000000000005B
:10C5E000000000000000000000000000000000004B
:10C5F000000000000000000000000000000000003B
:10C60000000000000000000000000000000000002A
:10C61000000000000000000000000000000000001A
:10C62000000000000000000000000000000000000A
:10C6300000000000000000000000000000000000FA
:10C6400000000000000000000000000000000000EA
:10C6500000000000000000000000000000000000DA
:10C6600000000000000000000000000000000000CA
:10C6700000000000000000000000000000000000BA
:10C6800000000000000000000000000000000000AA
:10C69000000000000000000000000000000000009A
:10C6A000000000000000000000000000000000008A
:10C6B000000000000000000000000000000000007A
:10C6C000000000000000000000000000000000006A
:10C6D000000000000000000000000000000000005A
:10C6E000000000000000000000000000000000004A
:10C6F000000000000000000000000000000000003A
:10C700000000000000000000000000000000000029
:10C710000000000000000000000000000000000019
:10C720000000000000000000000000000000000009
:10C7300000000000000000000000000000000000F9
:10C7400000000000000000000000000000000000E9
:10C7500000000000000000000000000000000000D9
:10C7600000000000000000000000000000000000C9
:10C7700000000000000000000000000000000000B9
:10C7800000000000000000000000000000000000A9
:10C790000000000000000000000000000000000099
:10C7A0000000000000000000000000000000000089
:10C7B0000000000000000000000000000000000079
:10C7C0000000000000000000000000000000000069
:10C7D0000000000000000000000000000000000059
:10C7E0000000000000000000000000000000000049
:10C7F0000000000000000000000000000000000039
:10C800000000000000000000000000000000000028
:10C810000000000000000000000000000000000018
:10C820000000000000000000000000000000000008
:10C8300000000000000000000000000000000000F8
:10C8400000000000000000000000000000000000E8
:10C8500000000000000000000000000000000000D8
:10C8600000000000000000000000000000000000C8
:10C8700000000000000000000000000000000000B8
:10C8800000000000000000000000000000000000A8
:10C890000000000000000000000000000000000098
:10C8A0000000000000000000000000000000000088
:10C8B0000000000000000000000000000000000078
:10C8C0000000000000000000000000000000000068
:10C8D0000000000000000000000000000000000058
:10C8E0000000000000000000000000000000000048
:10C8F0000000000000000000000000000000000038
:10C900000000000000000000000000000000000027
:10C910000000000000000000000000000000000017
:10C920000000000000000000000000000000000007
:10C9300000000000000000000000000000000000F7
:10C9400000000000000000000000000000000000E7
:10C9500000000000000000000000000000000000D7
:10C9600000000000000000000000000000000000C7
:10C9700000000000000000000000000000000000B7
:10C9800000000000000000000000000000000000A7
:10C990000000000000000000000000000000000097
:10C9A0000000000000000000000000000000000087
:10C9B0000000000000000000000000000000000077
:10C9C0000000000000000000000000000000000067
:10C9D0000000000000000000000000000000000057
:10C9E0000000000000000000000000000000000047
:10C9F0000000000000000000000000000000000037
:10CA00000000000000000000000000000000000026
:10CA10000000000000000000000000000000000016
:10CA20000000000000000000000000000000000006
:10CA300000000000000000000000000000000000F6
:10CA400000000000000000000000000000000000E6
:10CA500000000000000000000000000000000000D6
:10CA600000000000000000000000000000000000C6
:10CA700000000000000000000000000000000000B6
:10CA800000000000000000000000000000000000A6
:10CA90000000000000000000000000000000000096
:10CAA0000000000000000000000000000000000086
:10CAB0000000000000000000000000000000000076
:10CAC0000000000000000000000000000000000066
:10CAD0000000000000000000000000000000000056
:10CAE0000000000000000000000000000000000046
:10CAF0000000000000000000000000000000000036
:10CB00000000000000000000000000000000000025
:10CB10000000000000000000000000000000000015
:10CB20000000000000000000000000000000000005
:10CB300000000000000000000000000000000000F5
:10CB400000000000000000000000000000000000E5
:10CB500000000000000000000000000000000000D5
:10CB600000000000000000000000000000000000C5
:10CB700000000000000000000000000000000000B5
:10CB800000000000000000000000000000000000A5
:10CB90000000000000000000000000000000000095
:10CBA0000000000000000000000000000000000085
:10CBB0000000000000000000000000000000000075
:10CBC0000000000000000000000000000000000065
:10CBD0000000000000000000000000000000000055
:10CBE0000000000000000000000000000000000045
:10CBF0000000000000000000000000000000000035
:10CC00000000000000000000000000000000000024
:10CC10000000000000000000000000000000000014
:10CC20000000000000000000000000000000000004
:10CC300000000000000000000000000000000000F4
:10CC400000000000000000000000000000000000E4
:10CC500000000000000000000000000000000000D4
:10CC600000000000000000000000000000000000C4
:10CC700000000000000000000000000000000000B4
:10CC800000000000000000000000000000000000A4
:10CC90000000000000000000000000000000000094
:10CCA0000000000000000000000000000000000084
:10CCB0000000000000000000000000000000000074
:10CCC0000000000000000000000000000000000064
:10CCD0000000000000000000000000000000000054
:10CCE0000000000000000000000000000000000044
:10CCF0000000000000000000000000000000000034
:10CD00000000000000000000000000000000000023
:10CD10000000000000000000000000000000000013
:10CD20000000000000000000000000000000000003
:10CD300000000000000000000000000000000000F3
:10CD400000000000000000000000000000000000E3
:10CD500000000000000000000000000000000000D3
:10CD600000000000000000000000000000000000C3
:10CD700000000000000000000000000000000000B3
:10CD800000000000000000000000000000000000A3
:10CD90000000000000000000000000000000000093
:10CDA0000000000000000000000000000000000083
:10CDB0000000000000000000000000000000000073
:10CDC0000000000000000000000000000000000063
:10CDD0000000000000000000000000000000000053
:10CDE0000000000000000000000000000000000043
:10CDF0000000000000000000000000000000000033
:10CE00000000000000000000000000000000000022
:10CE10000000000000000000000000000000000012
:10CE20000000000000000000000000000000000002
:10CE300000000000000000000000000000000000F2
:10CE400000000000000000000000000000000000E2
:10CE500000000000000000000000000000000000D2
:10CE600000000000000000000000000000000000C2
:10CE700000000000000000000000000000000000B2
:10CE800000000000000000000000000000000000A2
:10CE90000000000000000000000000000000000092
:10CEA0000000000000000000000000000000000082
:10CEB0000000000000000000000000000000000072
:10CEC0000000000000000000000000000000000062
:10CED0000000000000000000000000000000000052
:10CEE0000000000000000000000000000000000042
:10CEF0000000000000000000000000000000000032
:10CF00000000000000000000000000000000000021
:10CF10000000000000000000000000000000000011
:10CF20000000000000000000000000000000000001
:10CF300000000000000000000000000000000000F1
:10CF400000000000000000000000000000000000E1
:10CF500000000000000000000000000000000000D1
:10CF600000000000000000000000000000000000C1
:10CF700000000000000000000000000000000000B1
:10CF800000000000000000000000000000000000A1
:10CF90000000000000000000000000000000000091
:10CFA0000000000000000000000000000000000081
:10CFB0000000000000000000000000000000000071
:10CFC0000000000000000000000000000000000061
:10CFD0000000000000000000000000000000000051
:10CFE0000000000000000000000000000000000041
:10CFF0000000000000000000000000000000000031
:10D000000000000000000000000000000000000020
:10D010000000000000000000000000000000000010
:10D020000000000000000000000000000000000000
:10D0300000000000000000000000000000000000F0
:10D0400000000000000000000000000000000000E0
:10D0500000000000000000000000000000000000D0
:10D0600000000000000000000000000000000000C0
:10D0700000000000000000000000000000000000B0
:10D0800000000000000000000000000000000000A0
:10D090000000000000000000000000000000000090
:10D0A0000000000000000000000000000000000080
:10D0B0000000000000000000000000000000000070
:10D0C0000000000000000000000000000000000060
:10D0D0000000000000000000000000000000000050
:10D0E0000000000000000000000000000000000040
:10D0F0000000000000000000000000000000000030
:10D10000000000000000000000000000000000001F
:10D11000000000000000000000000000000000000F
:10D1200000000000000000000000000000000000FF
:10D1300000000000000000000000000000000000EF
:10D1400000000000000000000000000000000000DF
:10D1500000000000000000000000000000000000CF
:10D1600000000000000000000000000000000000BF
:10D1700000000000000000000000000000000000AF
:10D18000000000000000000000000000000000009F
:10D19000000000000000000000000000000000008F
:10D1A000000000000000000000000000000000007F
:10D1B000000000000000000000000000000000006F
:10D1C000000000000000000000000000000000005F
:10D1D000000000000000000000000000000000004F
:10D1E000000000000000000000000000000000003F
:10D1F000000000000000000000000000000000002F
:10D20000000000000000000000000000000000001E
:10D21000000000000000000000000000000000000E
:10D2200000000000000000000000000000000000FE
:10D2300000000000000000000000000000000000EE
:10D2400000000000000000000000000000000000DE
:10D2500000000000000000000000000000000000CE
:10D2600000000000000000000000000000000000BE
:10D2700000000000000000000000000000000000AE
:10D28000000000000000000000000000000000009E
:10D29000000000000000000000000000000000008E
:10D2A000000000000000000000000000000000007E
:10D2B000000000000000000000000000000000006E
:10D2C000000000000000000000000000000000005E
:10D2D000000000000000000000000000000000004E
:10D2E000000000000000000000000000000000003E
:10D2F000000000000000000000000000000000002E
:10D30000000000000000000000000000000000001D
:10D31000000000000000000000000000000000000D
:10D3200000000000000000000000000000000000FD
:10D3300000000000000000000000000000000000ED
:10D3400000000000000000000000000000000000DD
:10D3500000000000000000000000000000000000CD
:10D3600000000000000000000000000000000000BD
:10D3700000000000000000000000000000000000AD
:10D38000000000000000000000000000000000009D
:10D39000000000000000000000000000000000008D
:10D3A000000000000000000000000000000000007D
:10D3B000000000000000000000000000000000006D
:10D3C000000000000000000000000000000000005D
:10D3D000000000000000000000000000000000004D
:10D3E000000000000000000000000000000000003D
:10D3F000000000000000000000000000000000002D
:10D40000000000000000000000000000000000001C
:10D41000000000000000000000000000000000000C
:10D4200000000000000000000000000000000000FC
:10D4300000000000000000000000000000000000EC
:10D4400000000000000000000000000000000000DC
:10D4500000000000000000000000000000000000CC
:10D4600000000000000000000000000000000000BC
:10D4700000000000000000000000000000000000AC
:10D48000000000000000000000000000000000009C
:10D49000000000000000000000000000000000008C
:10D4A000000000000000000000000000000000007C
:10D4B000000000000000000000000000000000006C
:10D4C000000000000000000000000000000000005C
:10D4D000000000000000000000000000000000004C
:10D4E000000000000000000000000000000000003C
:10D4F000000000000000000000000000000000002C
:10D50000000000000000000000000000000000001B
:10D51000000000000000000000000000000000000B
:10D5200000000000000000000000000000000000FB
:10D5300000000000000000000000000000000000EB
:10D5400000000000000000000000000000000000DB
:10D5500000000000000000000000000000000000CB
:10D5600000000000000000000000000000000000BB
:10D5700000000000000000000000000000000000AB
:10D58000000000000000000000000000000000009B
:10D59000000000000000000000000000000000008B
:10D5A000000000000000000000000000000000007B
:10D5B000000000000000000000000000000000006B
:10D5C000000000000000000000000000000000005B
:10D5D000000000000000000000000000000000004B
:10D5E000000000000000000000000000000000003B
:10D5F000000000000000000000000000000000002B
:10D60000000000000000000000000000000000001A
:10D61000000000000000000000000000000000000A
:10D6200000000000000000000000000000000000FA
:10D6300000000000000000000000000000000000EA
:10D6400000000000000000000000000000000000DA
:10D6500000000000000000000000000000000000CA
:10D6600000000000000000000000000000000000BA
:10D6700000000000000000000000000000000000AA
:10D68000000000000000000000000000000000009A
:10D69000000000000000000000000000000000008A
:10D6A000000000000000000000000000000000007A
:10D6B000000000000000000000000000000000006A
:10D6C000000000000000000000000000000000005A
:10D6D000000000000000000000000000000000004A
:10D6E000000000000000000000000000000000003A
:10D6F000000000000000000000000000000000002A
:10D700000000000000000000000000000000000019
:10D710000000000000000000000000000000000009
:10D7200000000000000000000000000000000000F9
:10D7300000000000000000000000000000000000E9
:10D7400000000000000000000000000000000000D9
:10D7500000000000000000000000000000000000C9
:10D7600000000000000000000000000000000000B9
:10D7700000000000000000000000000000000000A9
:10D780000000000000000000000000000000000099
:10D790000000000000000000000000000000000089
:10D7A0000000000000000000000000000000000079
:10D7B0000000000000000000000000000000000069
:10D7C0000000000000000000000000000000000059
:10D7D0000000000000000000000000000000000049
:10D7E0000000000000000000000000000000000039
:10D7F0000000000000000000000000000000000029
:10D800000000000000000000000000000000000018
:10D810000000000000000000000000000000000008
:10D8200000000000000000000000000000000000F8
:10D8300000000000000000000000000000000000E8
:10D8400000000000000000000000000000000000D8
:10D8500000000000000000000000000000000000C8
:10D8600000000000000000000000000000000000B8
:10D8700000000000000000000000000000000000A8
:10D880000000000000000000000000000000000098
:10D890000000000000000000000000000000000088
:10D8A0000000000000000000000000000000000078
:10D8B0000000000000000000000000000000000068
:10D8C0000000000000000000000000000000000058
:10D8D0000000000000000000000000000000000048
:10D8E0000000000000000000000000000000000038
:10D8F0000000000000000000000000000000000028
:10D900000000000000000000000000000000000017
:10D910000000000000000000000000000000000007
:10D9200000000000000000000000000000000000F7
:10D9300000000000000000000000000000000000E7
:10D9400000000000000000000000000000000000D7
:10D9500000000000000000000000000000000000C7
:10D9600000000000000000000000000000000000B7
:10D9700000000000000000000000000000000000A7
:10D980000000000000000000000000000000000097
:10D990000000000000000000000000000000000087
:10D9A0000000000000000000000000000000000077
:10D9B0000000000000000000000000000000000067
:10D9C0000000000000000000000000000000000057
:10D9D0000000000000000000000000000000000047
:10D9E0000000000000000000000000000000000037
:10D9F0000000000000000000000000000000000027
:10DA00000000000000000000000000000000000016
:10DA10000000000000000000000000000000000006
:10DA200000000000000000000000000000000000F6
:10DA300000000000000000000000000000000000E6
:10DA400000000000000000000000000000000000D6
:10DA500000000000000000000000000000000000C6
:10DA600000000000000000000000000000000000B6
:10DA700000000000000000000000000000000000A6
:10DA80000000000000000000000000000000000096
:10DA90000000000000000000000000000000000086
:10DAA0000000000000000000000000000000000076
:10DAB0000000000000000000000000000000000066
:10DAC0000000000000000000000000000000000056
:10DAD0000000000000000000000000000000000046
:10DAE0000000000000000000000000000000000036
:10DAF0000000000000000000000000000000000026
:10DB00000000000000000000000000000000000015
:10DB10000000000000000000000000000000000005
:10DB200000000000000000000000000000000000F5
:10DB300000000000000000000000000000000000E5
:10DB400000000000000000000000000000000000D5
:10DB500000000000000000000000000000000000C5
:10DB600000000000000000000000000000000000B5
:10DB700000000000000000000000000000000000A5
:10DB80000000000000000000000000000000000095
:10DB90000000000000000000000000000000000085
:10DBA0000000000000000000000000000000000075
:10DBB0000000000000000000000000000000000065
:10DBC0000000000000000000000000000000000055
:10DBD0000000000000000000000000000000000045
:10DBE0000000000000000000000000000000000035
:10DBF0000000000000000000000000000000000025
:10DC00000000000000000000000000000000000014
:10DC10000000000000000000000000000000000004
:10DC200000000000000000000000000000000000F4
:10DC300000000000000000000000000000000000E4
:10DC400000000000000000000000000000000000D4
:10DC500000000000000000000000000000000000C4
:10DC600000000000000000000000000000000000B4
:10DC700000000000000000000000000000000000A4
:10DC80000000000000000000000000000000000094
:10DC90000000000000000000000000000000000084
:10DCA0000000000000000000000000000000000074
:10DCB0000000000000000000000000000000000064
:10DCC0000000000000000000000000000000000054
:10DCD0000000000000000000000000000000000044
:10DCE0000000000000000000000000000000000034
:10DCF0000000000000000000000000000000000024
:10DD00000000000000000000000000000000000013
:10DD10000000000000000000000000000000000003
:10DD200000000000000000000000000000000000F3
:10DD300000000000000000000000000000000000E3
:10DD400000000000000000000000000000000000D3
:10DD500000000000000000000000000000000000C3
:10DD600000000000000000000000000000000000B3
:10DD700000000000000000000000000000000000A3
:10DD80000000000000000000000000000000000093
:10DD90000000000000000000000000000000000083
:10DDA0000000000000000000000000000000000073
:10DDB0000000000000000000000000000000000063
:10DDC0000000000000000000000000000000000053
:10DDD0000000000000000000000000000000000043
:10DDE0000000000000000000000000000000000033
:10DDF0000000000000000000000000000000000023
:10DE00000000000000000000000000000000000012
:10DE10000000000000000000000000000000000002
:10DE200000000000000000000000000000000000F2
:10DE300000000000000000000000000000000000E2
:10DE400000000000000000000000000000000000D2
:10DE500000000000000000000000000000000000C2
:10DE600000000000000000000000000000000000B2
:10DE700000000000000000000000000000000000A2
:10DE80000000000000000000000000000000000092
:10DE90000000000000000000000000000000000082
:10DEA0000000000000000000000000000000000072
:10DEB0000000000000000000000000000000000062
:10DEC0000000000000000000000000000000000052
:10DED0000000000000000000000000000000000042
:10DEE0000000000000000000000000000000000032
:10DEF0000000000000000000000000000000000022
:10DF00000000000000000000000000000000000011
:10DF10000000000000000000000000000000000001
:10DF200000000000000000000000000000000000F1
:10DF300000000000000000000000000000000000E1
:10DF400000000000000000000000000000000000D1
:10DF500000000000000000000000000000000000C1
:10DF600000000000000000000000000000000000B1
:10DF700000000000000000000000000000000000A1
:10DF80000000000000000000000000000000000091
:10DF90000000000000000000000000000000000081
:10DFA0000000000000000000000000000000000071
:10DFB0000000000000000000000000000000000061
:10DFC0000000000000000000000000000000000051
:10DFD0000000000000000000000000000000000041
:10DFE0000000000000000000000000000000000031
:10DFF0000000000000000000000000000000000021
:10E000000000000000000000000000000000000010
:10E010000000000000000000000000000000000000
:10E0200000000000000000000000000000000000F0
:10E0300000000000000000000000000000000000E0
:10E0400000000000000000000000000000000000D0
:10E0500000000000000000000000000000000000C0
:10E0600000000000000000000000000000000000B0
:10E0700000000000000000000000000000000000A0
:10E080000000000000000000000000000000000090
:10E090000000000000000000000000000000000080
:10E0A0000000000000000000000000000000000070
:10E0B0000000000000000000000000000000000060
:10E0C0000000000000000000000000000000000050
:10E0D0000000000000000000000000000000000040
:10E0E0000000000000000000000000000000000030
:10E0F0000000000000000000000000000000000020
:10E10000000000000000000000000000000000000F
:10E1100000000000000000000000000000000000FF
:10E1200000000000000000000000000000000000EF
:10E1300000000000000000000000000000000000DF
:10E1400000000000000000000000000000000000CF
:10E1500000000000000000000000000000000000BF
:10E1600000000000000000000000000000000000AF
:10E17000000000000000000000000000000000009F
:10E18000000000000000000000000000000000008F
:10E19000000000000000000000000000000000007F
:10E1A000000000000000000000000000000000006F
:10E1B000000000000000000000000000000000005F
:10E1C000000000000000000000000000000000004F
:10E1D000000000000000000000000000000000003F
:10E1E000000000000000000000000000000000002F
:10E1F000000000000000000000000000000000001F
:10E20000000000000000000000000000000000000E
:10E2100000000000000000000000000000000000FE
:10E2200000000000000000000000000000000000EE
:10E2300000000000000000000000000000000000DE
:10E2400000000000000000000000000000000000CE
:10E2500000000000000000000000000000000000BE
:10E2600000000000000000000000000000000000AE
:10E27000000000000000000000000000000000009E
:10E28000000000000000000000000000000000008E
:10E29000000000000000000000000000000000007E
:10E2A000000000000000000000000000000000006E
:10E2B000000000000000000000000000000000005E
:10E2C000000000000000000000000000000000004E
:10E2D000000000000000000000000000000000003E
:10E2E000000000000000000000000000000000002E
:10E2F000000000000000000000000000000000001E
:10E30000000000000000000000000000000000000D
:10E3100000000000000000000000000000000000FD
:10E3200000000000000000000000000000000000ED
:10E3300000000000000000000000000000000000DD
:10E3400000000000000000000000000000000000CD
:10E3500000000000000000000000000000000000BD
:10E3600000000000000000000000000000000000AD
:10E37000000000000000000000000000000000009D
:10E38000000000000000000000000000000000008D
:10E39000000000000000000000000000000000007D
:10E3A000000000000000000000000000000000006D
:10E3B000000000000000000000000000000000005D
:10E3C000000000000000000000000000000000004D
:10E3D000000000000000000000000000000000003D
:10E3E000000000000000000000000000000000002D
:10E3F000000000000000000000000000000000001D
:10E40000000000000000000000000000000000000C
:10E4100000000000000000000000000000000000FC
:10E4200000000000000000000000000000000000EC
:10E4300000000000000000000000000000000000DC
:10E4400000000000000000000000000000000000CC
:10E4500000000000000000000000000000000000BC
:10E4600000000000000000000000000000000000AC
:10E47000000000000000000000000000000000009C
:10E48000000000000000000000000000000000008C
:10E49000000000000000000000000000000000007C
:10E4A000000000000000000000000000000000006C
:10E4B000000000000000000000000000000000005C
:10E4C000000000000000000000000000000000004C
:10E4D000000000000000000000000000000000003C
:10E4E000000000000000000000000000000000002C
:10E4F000000000000000000000000000000000001C
:10E50000000000000000000000000000000000000B
:10E5100000000000000000000000000000000000FB
:10E5200000000000000000000000000000000000EB
:10E5300000000000000000000000000000000000DB
:10E5400000000000000000000000000000000000CB
:10E5500000000000000000000000000000000000BB
:10E5600000000000000000000000000000000000AB
:10E57000000000000000000000000000000000009B
:10E58000000000000000000000000000000000008B
:10E59000000000000000000000000000000000007B
:10E5A000000000000000000000000000000000006B
:10E5B000000000000000000000000000000000005B
:10E5C000000000000000000000000000000000004B
:10E5D000000000000000000000000000000000003B
:10E5E000000000000000000000000000000000002B
:10E5F000000000000000000000000000000000001B
:10E60000000000000000000000000000000000000A
:10E6100000000000000000000000000000000000FA
:10E6200000000000000000000000000000000000EA
:10E6300000000000000000000000000000000000DA
:10E6400000000000000000000000000000000000CA
:10E6500000000000000000000000000000000000BA
:10E6600000000000000000000000000000000000AA
:10E67000000000000000000000000000000000009A
:10E68000000000000000000000000000000000008A
:10E69000000000000000000000000000000000007A
:10E6A000000000000000000000000000000000006A
:10E6B000000000000000000000000000000000005A
:10E6C000000000000000000000000000000000004A
:10E6D000000000000000000000000000000000003A
:10E6E000000000000000000000000000000000002A
:10E6F000000000000000000000000000000000001A
:10E700000000000000000000000000000000000009
:10E7100000000000000000000000000000000000F9
:10E7200000000000000000000000000000000000E9
:10E7300000000000000000000000000000000000D9
:10E7400000000000000000000000000000000000C9
:10E7500000000000000000000000000000000000B9
:10E7600000000000000000000000000000000000A9
:10E770000000000000000000000000000000000099
:10E780000000000000000000000000000000000089
:10E790000000000000000000000000000000000079
:10E7A0000000000000000000000000000000000069
:10E7B0000000000000000000000000000000000059
:10E7C0000000000000000000000000000000000049
:10E7D0000000000000000000000000000000000039
:10E7E0000000000000000000000000000000000029
:10E7F0000000000000000000000000000000000019
:10E800000000000000000000000000000000000008
:10E8100000000000000000000000000000000000F8
:10E8200000000000000000000000000000000000E8
:10E8300000000000000000000000000000000000D8
:10E8400000000000000000000000000000000000C8
:10E8500000000000000000000000000000000000B8
:10E8600000000000000000000000000000000000A8
:10E870000000000000000000000000000000000098
:10E880000000000000000000000000000000000088
:10E890000000000000000000000000000000000078
:10E8A0000000000000000000000000000000000068
:10E8B0000000000000000000000000000000000058
:10E8C0000000000000000000000000000000000048
:10E8D0000000000000000000000000000000000038
:10E8E0000000000000000000000000000000000028
:10E8F0000000000000000000000000000000000018
:10E900000000000000000000000000000000000007
:10E9100000000000000000000000000000000000F7
:10E9200000000000000000000000000000000000E7
:10E9300000000000000000000000000000000000D7
:10E9400000000000000000000000000000000000C7
:10E9500000000000000000000000000000000000B7
:10E9600000000000000000000000000000000000A7
:10E970000000000000000000000000000000000097
:10E980000000000000000000000000000000000087
:10E990000000000000000000000000000000000077
:10E9A0000000000000000000000000000000000067
:10E9B0000000000000000000000000000000000057
:10E9C0000000000000000000000000000000000047
:10E9D0000000000000000000000000000000000037
:10E9E0000000000000000000000000000000000027
:10E9F0000000000000000000000000000000000017
:10EA00000000000000000000000000000000000006
:10EA100000000000000000000000000000000000F6
:10EA200000000000000000000000000000000000E6
:10EA300000000000000000000000000000000000D6
:10EA400000000000000000000000000000000000C6
:10EA500000000000000000000000000000000000B6
:10EA600000000000000000000000000000000000A6
:10EA70000000000000000000000000000000000096
:10EA80000000000000000000000000000000000086
:10EA90000000000000000000000000000000000076
:10EAA0000000000000000000000000000000000066
:10EAB0000000000000000000000000000000000056
:10EAC0000000000000000000000000000000000046
:10EAD0000000000000000000000000000000000036
:10EAE0000000000000000000000000000000000026
:10EAF0000000000000000000000000000000000016
:10EB00000000000000000000000000000000000005
:10EB100000000000000000000000000000000000F5
:10EB200000000000000000000000000000000000E5
:10EB300000000000000000000000000000000000D5
:10EB400000000000000000000000000000000000C5
:10EB500000000000000000000000000000000000B5
:10EB600000000000000000000000000000000000A5
:10EB70000000000000000000000000000000000095
:10EB80000000000000000000000000000000000085
:10EB90000000000000000000000000000000000075
:10EBA0000000000000000000000000000000000065
:10EBB0000000000000000000000000000000000055
:10EBC0000000000000000000000000000000000045
:10EBD0000000000000000000000000000000000035
:10EBE0000000000000000000000000000000000025
:10EBF0000000000000000000000000000000000015
:10EC00000000000000000000000000000000000004
:10EC100000000000000000000000000000000000F4
:10EC200000000000000000000000000000000000E4
:10EC300000000000000000000000000000000000D4
:10EC400000000000000000000000000000000000C4
:10EC500000000000000000000000000000000000B4
:10EC600000000000000000000000000000000000A4
:10EC70000000000000000000000000000000000094
:10EC80000000000000000000000000000000000084
:10EC90000000000000000000000000000000000074
:10ECA0000000000000000000000000000000000064
:10ECB0000000000000000000000000000000000054
:10ECC0000000000000000000000000000000000044
:10ECD0000000000000000000000000000000000034
:10ECE0000000000000000000000000000000000024
:10ECF0000000000000000000000000000000000014
:10ED00000000000000000000000000000000000003
:10ED100000000000000000000000000000000000F3
:10ED200000000000000000000000000000000000E3
:10ED300000000000000000000000000000000000D3
:10ED400000000000000000000000000000000000C3
:10ED500000000000000000000000000000000000B3
:10ED600000000000000000000000000000000000A3
:10ED70000000000000000000000000000000000093
:10ED80000000000000000000000000000000000083
:10ED90000000000000000000000000000000000073
:10EDA0000000000000000000000000000000000063
:10EDB0000000000000000000000000000000000053
:10EDC0000000000000000000000000000000000043
:10EDD0000000000000000000000000000000000033
:10EDE0000000000000000000000000000000000023
:10EDF0000000000000000000000000000000000013
:10EE00000000000000000000000000000000000002
:10EE100000000000000000000000000000000000F2
:10EE200000000000000000000000000000000000E2
:10EE300000000000000000000000000000000000D2
:10EE400000000000000000000000000000000000C2
:10EE500000000000000000000000000000000000B2
:10EE600000000000000000000000000000000000A2
:10EE70000000000000000000000000000000000092
:10EE80000000000000000000000000000000000082
:10EE90000000000000000000000000000000000072
:10EEA0000000000000000000000000000000000062
:10EEB0000000000000000000000000000000000052
:10EEC0000000000000000000000000000000000042
:10EED0000000000000000000000000000000000032
:10EEE0000000000000000000000000000000000022
:10EEF0000000000000000000000000000000000012
:10EF00000000000000000000000000000000000001
:10EF100000000000000000000000000000000000F1
:10EF200000000000000000000000000000000000E1
:10EF300000000000000000000000000000000000D1
:10EF400000000000000000000000000000000000C1
:10EF500000000000000000000000000000000000B1
:10EF600000000000000000000000000000000000A1
:10EF70000000000000000000000000000000000091
:10EF80000000000000000000000000000000000081
:10EF90000000000000000000000000000000000071
:10EFA0000000000000000000000000000000000061
:10EFB0000000000000000000000000000000000051
:10EFC0000000000000000000000000000000000041
:10EFD0000000000000000000000000000000000031
:10EFE0000000000000000000000000000000000021
:10EFF0000000000000000000000000000000000011
:10F0000001000000020000000000000000000000FD
:10F0100001000000080700000807000008070000C2
:10F0200064000000000000000A0000000A00000068
:10F0300000000000000000000100000000000000CF
:10F04000D00200000000000002000000E02E0000DE
:10F0500008000000000000000000000000000000A8
:10F06000010000000000000000000000000000009F
:10F0700000000000000000000000000090010000FF
:10F080000D0200008A020000070300008403000054
:10F09000010400007E040000FB040000780500006D
:10F0A000F505000072060000EF0600006C07000086
:10F0B000E9070000660800000000000000000000F2
:10F0C0002C010000C2010000000000000000000050
:10F0D0000000000000000000000000000000000030
:10F0E0000000000000000000000000000000000020
:10F0F0005A00000050000000000000000000000066
:10F1000000000000000000000000000000000000FF
:10F110000000000001000000BC020000BC02000072
:10F12000BC02000090010000000000000000000090
:10F1300000000000010000000000000000000000CE
:10F1400000000000000000000000000000000000BF
:10F1500000000000000000000000000000000000AF
:10F160000F000000000000000B0000000000000085
:10F1700000000000680100002C01000000000000F9
:10F180000000000000000000500000009600000099
:10F190007017000044160000C409000000000000C1
:10F1A000000000000000000000000000000000005F
:10F1B000000000000000000000000000000000004F
:10F1C000000000000000000000000000000000003F
:10F1D000000000000000000000000000000000002F
:10F1E000000000000000000000000000000000001F
:10F1F000000000000000000000000000000000000F
:10F2000000000000000000000000000000000000FE
:10F2100000000000000000000000000000000000EE
:10F220000000000000000000080700005A00000075
:10F230000C0000005000000008000000000000006A
:10F240000000000058020000441600000C000000FE
:10F250003C00000046000000460000005000000096
:10F2600050000000D0020000320000003200000018
:10F270003200000037000000000000000100000024
:10F28000200300000000000002000000A3000000B6
:10F29000000000000000000000000000000000006E
:10F2A000000000000000000000000000000000005E
:10F2B000000000000000000000000000000000004E
:10F2C000000000000000000000000000000000003E
:10F2D000000000000000000000000000000000002E
:10F2E000000000000000000000000000000000001E
:10F2F000000000000000000000000000000000000E
:10F3000000000000000000000000000000000000FD
:10F3100000000000000000000000000000000000ED
:10F3200000000000000000000000000000000000DD
:10F3300000000000000000000000000000000000CD
:10F3400000000000000000000000000000000000BD
:10F3500000000000000000000000000000000000AD
:10F36000000000000000000000000000000000009D
:10F37000000000000000000000000000000000008D
:10F38000000000000000000000000000000000007D
:10F39000000000000000000000000000000000006D
:10F3A000000000000000000000000000000000005D
:10F3B000000000000000000000000000000000004D
:10F3C000000000000000000000000000000000003D
:10F3D000000000000000000000000000000000002D
:10F3E000000000000000000000000000000000001D
:10F3F000000000000000000000000000000000000D
:10F40000FE000000050000000200000001000000F6
:10F410000300000010270000102700001027000044
:10F420001027000001000000E8030000E8030000CE
:10F4300001000000010000000100000001000000C8
:10F44000881300000100000010270000E02E0000DB
:10F450001027000004000000000000000100000070
:10F46000000000000000000000000000000000009C
:10F470000000000000000000010000001027000054
:10F4800010270000102700001027000010270000A0
:10F490001027000010270000102700001027000090
:10F4A0001027000010270000102700001027000080
:10F4B0001027000010270000020000000F000000CD
:10F4C00010270000102700005A000000460000002E
:10F4D000BD090000BD09000001000000010000009E
:10F4E0000100000001000000010000000100000018
:10F4F0000100000001000000010000000100000008
:10F5000001000000010000000100000001000000F7
:10F51000010000000100000010270000102700007B
:10F520001027000010270000FFFF0000010000006E
:10F5300003000000010000000300000001000000C3
:10F5400000000000000000000000000000000000BB
:10F5500000000000000000000000000000000000AB
:10F560000000000001000000050000000100000094
:10F570000100000001000000010000000100000087
:10F580000100000001000000000000000000000079
:10F59000000000000100000000000000FFFF00006C
:10F5A000FFFF0000FFFF0000FFFF0000FFFF000063
:10F5B000FFFF0000FFFF0000FFFF0000FFFF000053
:10F5C000FFFF0000FFFF0000FFFF0000FFFF000043
:10F5D000FFFF0000FFFF0000FFFF0000FFFF000033
:10F5E000FFFF0000FFFF0000FFFF0000FFFF000023
:10F5F000FFFF0000FFFF0000FFFF0000FFFF000013
:10F60000FFFF0000FFFF0000FFFF0000FFFF000002
:10F61000FFFF0000FFFF0000FFFF0000FFFF0000F2
:10F62000FFFF000070170000000000000000000055
:10F63000C2090000000000001400000000000000EB
:10F64000EE0200000000000070170000C209000078
:10F650003C00000040010000C80000003B05000025
:10F66000E10D00000A03000000000000803E0000E1
:10F670003200000001000000010000000200000054
:10F680001027000001000000020000000000000040
:10F69000000000000000000000000000000000006A
:10F6A000000000000000000000000000000000005A
:10F6B000000000000000000000000000000000004A
:10F6C000000000000000000000000000000000003A
:10F6D000000000000000000000000000000000002A
:10F6E000000000000000000000000000000000001A
:10F6F000000000000000000000000000000000000A
:10F7000000000000000000000000000000000000F9
:10F7100000000000000000000000000000000000E9
:10F7200000000000000000000000000000000000D9
:10F7300000000000000000000000000000000000C9
:10F7400000000000000000000000000000000000B9
:10F7500000000000000000000000000000000000A9
:10F760000000000000000000000000000000000099
:10F770000000000000000000000000000000000089
:10F780000000000000000000000000000000000079
:10F790000000000000000000000000000000000069
:10F7A0000000000000000000000000000000000059
:10F7B0000000000000000000000000000000000049
:10F7C0000000000000000000000000000000000039
:10F7D0000000000000000000000000000000000029
:10F7E0000000000000000000000000000000000019
:10F7F0000000000000000000000000000000000009
:10F8000001000000000000000000000000000000F7
:10F810000000000010270000102700001027000043
:10F8200010270000000000000000000000000000A1
:10F8300000000000000000000000000000000000C8
:10F8400000000000000000000000000000000000B8
:10F8500000000000000000000000000000000000A8
:10F860000000000000000000000000000000000098
:10F87000000000000000000010270000102700001A
:10F88000102700001027000010270000102700009C
:10F89000102700001027000010270000102700008C
:10F8A000102700001027000010270000102700007C
:10F8B00010270000102700000000000000000000DA
:10F8C0000000000000000000000000000000000038
:10F8D0000000000000000000000000000000000028
:10F8E0000000000000000000000000000000000018
:10F8F0000000000000000000000000000000000008
:10F9000000000000000000000000000000000000F7
:10F9100000000000000000000000000000000000E7
:10F9200000000000000000000000000000000000D7
:10F9300000000000000000000000000000000000C7
:10F9400000000000000000000000000000000000B7
:10F9500000000000000000000000000000000000A7
:10F960000000000000000000000000000000000097
:10F970000000000000000000000000000000000087
:10F980000000000000000000000000000000000077
:10F990000000000000000000000000000000000067
:10F9A0000000000000000000000000000000000057
:10F9B0000000000000000000000000000000000047
:10F9C0000000000000000000000000000000000037
:10F9D0000000000000000000000000000000000027
:10F9E0000000000000000000000000000000000017
:10F9F0000000000000000000000000000000000007
:10FA000000000000000000000000000000000000F6
:10FA100000000000000000000000000000000000E6
:10FA200000000000000000000000000000000000D6
:10FA300000000000000000000200000000000000C4
:10FA400000000000000000000000000000000000B6
:10FA500000000000000000000000000000000000A6
:10FA60000000000000000000000000000000000096
:10FA70000000000000000000000000000000000086
:10FA80000000000000000000000000000000000076
:10FA90000000000000000000000000000000000066
:10FAA0000000000000000000000000000000000056
:10FAB0000000000000000000000000000000000046
:10FAC0000000000000000000000000000000000036
:10FAD0000000000000000000000000000000000026
:10FAE0000000000000000000000000000000000016
:10FAF0000000000000000000000000000000000006
:10FB000000000000000000000000000000000000F5
:10FB100000000000000000000000000000000000E5
:10FB200000000000000000000000000000000000D5
:10FB300000000000000000000000000000000000C5
:10FB400000000000000000000000000000000000B5
:10FB500000000000000000000000000000000000A5
:10FB60000000000000000000000000000000000095
:10FB70000000000000000000000000000000000085
:10FB80000000000000000000000000000000000075
:10FB90000000000000000000000000000000000065
:10FBA0000000000000000000000000000000000055
:10FBB0000000000000000000000000000000000045
:10FBC0000000000000000000000000000000000035
:10FBD0000000000000000000000000000000000025
:10FBE0000000000000000000000000000000000015
:10FBF0000000000000000000000000000000000005
:10FC000004000000FFFF000010270000BD090000F5
:10FC10000A0300007017000040010000E10D000021
:10FC2000FFFF0000FFFF000001000000FFFF0000D9
:10FC3000000000001027000001000000010000008B
:10FC400001000000FFFF0000E80300000A000000C0
:10FC5000E8030000140000000000000000000000A5
:10FC6000F5FF0000F5FF0000F5FF0000F5FF0000C4
:10FC70000000000000000000000000000000000084
:10FC80000000000000000000000000000000000074
:10FC90000000000000000000000000000000000064
:10FCA0000000000000000000000000000000000054
:10FCB0000000000000000000000000000000000044
:10FCC00000000000EE020000640000003C000000A4
:10FCD00010270000000000000000000000000000ED
:10FCE0000000000000000000000000000000000014
:10FCF0000000000000000000000000000000000004
:10FD000000000000000000000000000000000000F3
:10FD100000000000000000000000000000000000E3
:10FD200000000000000000000000000000000000D3
:10FD300000000000000000000000000000000000C3
:10FD400000000000000000000000000000000000B3
:10FD500000000000000000000000000000000000A3
:10FD60000000000000000000000000000000000093
:10FD70000000000000000000000000000000000083
:10FD80000000000000000000000000000000000073
:10FD90000000000000000000000000000000000063
:10FDA0000000000000000000000000000000000053
:10FDB0000000000000000000000000000000000043
:10FDC0000000000000000000000000000000000033
:10FDD0000000000000000000000000000000000023
:10FDE0000000000000000000000000000000000013
:10FDF0000000000000000000000000000000000003
:10FE000000000000000000000000000000000000F2
:10FE10000000000000000000C80000003A050000DB
:10FE200000000000000000000000000000000000D2
:10FE3000000000001027000000000000000000008B
:10FE400000000000000000000000000000000000B2
:10FE500000000000000000000000000000000000A2
:10FE60000000000000000000000000000000000092
:10FE70000000000000000000000000000000000082
:10FE80000000000000000000000000000000000072
:10FE90000000000000000000000000000000000062
:10FEA0000000000000000000000000000000000052
:10FEB0000000000000000000000000000000000042
:10FEC0000000000000000000000000003200000000
:10FED00000000000D17C48E80104012103187017DC
:0CFEE00009213D01A70922CA09142400D1
:04000005000000A94E
:00000001FF
